"HolderAddress","Balance","PendingBalanceUpdate"
"0x238a0b401403830724cfd258bcc07b09f0e87303","529,118,217.832991162837995037","No"
"0xdba68f07d1b7ca219f78ae8582c213d975c25caf","97,799,999.999999999999999999","No"
"0x744a6ef0d1ec1129f83ae94f4a8d64a16e2611d7","80,181,717.676961283815010166","No"
"0x7bff82c27fa7ad2e04beb543404808599f90cd10","27,464,160.180715317341653595","No"
"0x5efb425c71379fa85ecfc6cfaaf8110bb748655b","16,916,103.941537394687923729","No"
"0xbe58a155c6f864410dee965b2427ec4b4cb6bf38","13,311,265.370687275379067153","No"
"0x32f073e380fac51ef34c409e421e3052d5bc6f16","8,783,444.516506753665238869","No"
"0xe68de1a549063df3b7695addcd9ff0f646c4bb50","7,951,423.969644340436624145","No"
"0x30e8b02e0db5a05bbfc4eec38dd8b07cdbc96f12","6,083,611.529600824003026704","No"
"0xf330478fc27dc89bf1405cbc398fdc67dde4d936","5,830,695.620221182085532067","No"
"0xa7577f841d95b1331954c936d71fe45ba2f62fe5","4,375,830.845140285221766686","No"
"0x218497ad97886ad4c0bc8af4cc484508245dd8f2","4,321,257.494330985966392991","No"
"0x4c48ec3e2f8c9d18235df31d30501c268d12e300","3,563,409.758556352002943704","No"
"0x5136a9a5d077ae4247c7706b577f77153c32a01c","3,545,807.204624894461022688","No"
"0x9bdbde254f91d104cf41674b56a19ba60427251e","3,542,426.83073855657629804","No"
"0x9b19858616abba3525c99a2b09b1c0f2f02d0179","3,235,844.169462201584226897","No"
"0xde2474b5de86780d75bffc03c5ae833275dfee09","3,166,367.482460218158486192","No"
"0xb32faeeb669369e2056dfe05a5caea49d0ace009","3,155,778.472801458941032327","No"
"0xf1f4e643531267252d725e3d0efa6b9626ddaa53","3,094,745.889722218496660765","No"
"0xab1d52926a2bedccd478fb800e124db731268897","3,017,186.050825980152287164","No"
"0x76bfa643763eed84db053741c5a8cb6c731d55bc","2,982,336.354922136319622556","No"
"0x0b88c6441e59135e07c32b6e66781f7507c51b68","2,667,747.105054426496451661","No"
"0xd6149e61be075f2e364f3662ebb10a4b595af2ac","2,375,522.23596544164246181","No"
"0x4ee328b1a07be5797149b67e7c4f5d0e57dd27c9","2,212,447.602780272023707943","No"
"0x1c631d9e015aefcc3e787008b855693a587f7c10","2,104,580.543393165333907896","No"
"0xe9b9313a7ab13953e23f5a79403a5847e887ed16","2,059,679.599431935938484872","No"
"0x6276ef2b62e6839216a970fb8d1e1887bccb7869","2,058,497.051596934145791476","No"
"0x55372f1ab251bcab919d63ac6339becfdca84319","2,024,505.920837545716157099","No"
"0x39968ddeb963397fe476132b8cf0981eb0759f73","2,006,543.74311742846939786","No"
"0xbd1aaf0c66d637e9160162e1dc44ad3a0de22d1e","2,000,000","No"
"0x0d1082e3118af552ad274a0e531ddbf84ff3b1b8","1,958,774.106325377212715871","No"
"0x00fbc64d2bc45ce6490c208b9577651062622d61","1,893,478.667263820146332984","No"
"0xb299c5ff91baab1c6e07ff8e4c45eec7a30d84cd","1,827,833.056715313532904454","No"
"0x2466d55e505a89ec80fc90ca03bf9ee747355f13","1,766,300.733985798078664434","No"
"0xad7d60c7eb647fde6b1796163e472bedf09b339c","1,733,372.531636931539300412","No"
"0xa19f04f1dfd16b4f6e290c9a1d8cdfac32e08138","1,689,094.933845235917126833","No"
"0x6b4c50835f2f410e048bb9ccae949650b02b54cc","1,674,986.650769367097516552","No"
"0x13c808c918f636b8e6107be362059478e62950ae","1,654,078.11764277375799258","No"
"0xf69def6be0e180473e4b475114f5c8c9cb14ccb4","1,644,765.406205929162811556","No"
"0xd5ef960deca97c52ce26f8762e5d795ab80aa8cd","1,545,422.513570741314172223","No"
"0xe559ec444c30acd6d884c10b581dccbdad6b4fff","1,541,778.124069871659324636","No"
"0x729e91d9e46d5b6dc21fc219b14d81616d5e7ada","1,500,000","No"
"0x4a448d5f28d78d61af89096b9b305089048162e1","1,498,800","No"
"0x21a32e5fa553063026a50775d54bd946cbd6f64a","1,438,577.585713861943663314","No"
"0x9284d2e8e31f68cc89859cfd14901a8d5074a500","1,430,911.904084237456348131","No"
"0xbf2760e5b6c044771085c6a1287f6ef6478f3af1","1,419,082.16049968011327863","No"
"0xa0de29822cbec675aeb17f29c3feb75feaea8972","1,379,104.154353222585121525","No"
"0x14439dbe3eacf79d66d11d866a38fff52fe67fac","1,356,476.362733828371477147","No"
"0x04d1cac68d67e1e002106e1115e6308d03445b28","1,210,809.005259687475602741","No"
"0x1955c2b0752f1eb9be44499710dd05fc7ad23f95","1,190,426.203303050164190885","No"
"0x529bc0b0d57cac38057028164234d8678f68ac14","1,159,982.561524365344489316","No"
"0x2385a68c6b6007933067a9c1148c1ed4ce14a864","1,143,610.255930126184716269","No"
"0xd29044f924885115d8541f663af1b22ab3ef7df9","1,113,891.401141661429075716","No"
"0x49932d8a618f51dcd908ab4180129cc9d7574809","1,076,886.211811113335772154","No"
"0x5f0de1157273cb2aa085bfaf60a7d2f066d5174b","1,071,962.927117186180058558","No"
"0x31a243599d6d3c6bc81460d5ca9538e8b6dd2762","1,055,555","No"
"0x83dc43fbe76e4deda98106f0302cc6bec32f9e31","1,049,062.500866369766287627","No"
"0x47b34882c4265df07d8513bfc7f35a289939ac56","1,042,594.610233086014692836","No"
"0x8bc0cdbf6f45cc79895e4c5cb9bcd7cfe8da74dd","1,040,595.291024856043480837","No"
"0x8dbc2e9a8743bef3d9c08cc1187cc9c67cdc4d1f","1,024,955.31885769275116515","No"
"0x541bba66c3a2c66f3093c4648e772112f10fe18c","1,000,292.69017202663331036","No"
"0xb95d0c5e313d68d8d6d0c502cd8897d2d29e1f91","1,000,281.059401555936821147","No"
"0xc1dfd16259c2530e57aea8a2cf106db5671616b0","1,000,000.999999999993446401","No"
"0xe76f811f25066a6e42466d8e47f7ec1a1306c565","1,000,000","No"
"0x067aa2ffdc80e558a2b01c349190eef0c6a773cf","1,000,000","No"
"0x1a95f1c8e16bbe0d6de83811140870c557c2f00b","1,000,000","No"
"0x936247462c499ae2fed59f06268ea76aaba39c43","1,000,000","No"
"0x2ff0118d39eedc4e384632954f282d69da293013","1,000,000","No"
"0xefca10489968944a2662983263c64484b2a7bd4a","990,762.063140953115784072","No"
"0xbfcf3bb98f00898c57c8e436e68b8bc09a591be4","988,454.826096891631291198","No"
"0xbb09672f652fefb8aec4943149689113246e561a","968,632.547239659109496278","No"
"0x4f285e99491f4b32b8c4672c6fb9ff081e405459","964,514.537026772683399928","No"
"0xffd038091c841ee1ecd6a35ed324f4a3a9c2a48c","961,642.070946509142369301","No"
"0xe2bacb3b3be81819cf8a8f6292592391e308aac4","927,004.44358209123401835","No"
"0xc18a2d50b798274c28dc3411fa60a4553d63573f","921,121.369631604179257865","No"
"0xff48f17e93a0173b1f4767c80c03d2857c729384","899,319.20670028385510027","No"
"0x19b927168996f0179fb1b57e8d27778e532f958a","880,962.744711828123905733","No"
"0xc1d8fffc14903e66fea31bcb7a70d8116f649e6c","880,362.908799053074867889","No"
"0xc8ef480cb0a0fc178aeeeed7cdfdf2394e7eb26f","873,257.396430055909467757","No"
"0x64ef243da2ac7f0cc4100487e3e34ffae7f79b41","845,701.652910756727754127","No"
"0x4fed6097145c2999888b73d884cbadaa575785d7","840,335.852273601004295445","No"
"0x6f73450eac63e12b9d23f594f4f0b9e7e7e92162","825,594.629794243247416831","No"
"0x5d1670ccd933d4cdb0390aa274705e119782b6ea","821,900.232340285338128191","No"
"0x90d9f88b901cf0b282bafaacbcca9be09d3cee69","808,963.854647260882115841","No"
"0x87d00ebfd95f8953cb76f8e3f15b5be188401c92","801,844.911479343429464138","No"
"0xe9c5fc5ddbcaa5240b3c6efdbae031a89aab01cc","800,014.388753142459948607","No"
"0x72724d18dd42e20fc095c3ef8af46e1634bc0a93","773,007.381842605585058028","No"
"0x66d9e19462e0689ad9a688e9242c3a67bd145137","750,801.943691702439804019","No"
"0x5948ed22cc99440a7f13b3992d23adbf674b5eac","748,836.358861591671730111","No"
"0xf85a1045120cdea9e15422ac2c5f3268e36b6096","706,251.049701961195289605","No"
"0x772c70f0aedd13c835120610c92e61ec1e6fee88","700,000","No"
"0xc8ceb178271dbbbafaabf8b164dfad7322e6f5b3","694,825.75024283309713952","No"
"0x04060e595015e26f9cf5fa55725fedb509dcebc1","681,946.159738064043405289","No"
"0x6abc0cd67713a75a53fd23b541b1461c468b0c53","666,002.840118137796084632","No"
"0xb69adbd590212c56d6ad51bd562eafee6647a0d0","648,387","No"
"0x88f9ec129eb8097ca18884e6797718945040fb3f","644,855.376242748948222152","No"
"0x2e00c9c9331c30701d9286aa618ef6a9d1b42978","644,670.685390207035845924","No"
"0xb64684f16d9ba58f0c98817c58e8a1341f380bc9","643,957.808074369857688661","No"
"0xf626a35b7e426b6196be2d2206b84efb2b8ba3f1","636,405.083475862161937554","No"
"0x822545552952c4ff0d769642c9c0cf040e13d42a","628,000","No"
"0xefacb3fb194d5e80e569b3ac50669cf22e48f63b","619,154.2841744634185799","No"
"0x55dc468c5d5873362bda0c84132218cc12a51f4a","617,484.029191635143112576","No"
"0xb24f0fc1f466258b6baff0cc54ff8348f153cd78","605,014.675436573930268119","No"
"0xbb76f0544701f1718ca49e549d28a8971c873401","602,306.294616669062934058","No"
"0xb9cb00fef9406211958bac6073558290aed8c1c1","600,000","No"
"0xc5d1e32d4e9d00b4ed3b5907c7e8d99eadcf641d","584,532.897480372481088965","No"
"0x38879de167b9c8b5b85f5a06039a7d5efd43d118","555,568.530680750533757812","No"
"0x7bd1a4ba09d9d579e8684af6baa2ab811c924db6","522,110.524318793871438486","No"
"0x073e187ad48c3c3895df45c0097b31e578b27df0","506,550.316871559975404117","No"
"0xba9220ed0422aa902989b9bb779ac5fb6f796aa9","505,394.062020495538731122","No"
"0x825b3edf71996ccc3619f9455888a828e352217a","505,078.039793028209369014","No"
"0xd3cfbf38b44b1f8b551241553ff457eb9d97039d","502,594.992908145560016915","No"
"0xf3b04785d4a3fd34e83ef74a78f0dc79cde93e3a","501,975.78865931973294042","No"
"0x55df87cfe1e1d8e0beb3d2b25d69bdf58f93337a","501,447.111133624568939311","No"
"0x91446867b11c4aa6d40b8460a724f9c99f741b2a","500,000","No"
"0x5ffbf53cce33cc278d6e44504bd5415add960e6f","500,000","No"
"0x2ea88d3ab922bdc989f8cec210385932b5517ca3","500,000","No"
"0xd74e63d3545a6c045a70d68c4a8d6560df71827c","500,000","No"
"0x66c45f787fa88964f0980e82872c560fc07eea17","500,000","No"
"0x8382e069fbb37198846c2db81fec94cdb9b5971c","500,000","No"
"0xea9c968d05e93039668afc1c7c49d16e103ec6ab","499,346.589685047714708239","No"
"0x4408b623ea5e46f9aa200449d9e8e86c05335375","498,586.405842210214296992","No"
"0x6a961c2b292895aee03d9424f7d101acde40a288","470,321.243300811576646207","No"
"0xd18e048265376d1be3e7154971c3bc8bd09197a5","464,879.333917893532714394","No"
"0xc505579f7b29a83df205ad72d8cc115ca5716d7a","461,548.906940966813461746","No"
"0x89ab1df42a43c2a17f6ada7d363a62f0cdfeda16","459,471.973190866210329404","No"
"0xa614b877370a9dfe09f60324b304341c493a1772","459,017.065755350019486324","No"
"0x7e6f6c2af1be8d840f12a7d0710ec173a4706ebe","449,002.520131727144272469","No"
"0xa8d7c8d1044d978e83981516cd6482f8213533a2","441,554.608961979852775857","No"
"0x13fa846ad34fde31b0db3254272a493b5cb5f474","440,000","No"
"0xd09d08236001f957019ecc43a373bb74f5508afa","436,636.880488602737619362","No"
"0xc8dc3bb306180716c5fc009283ed616b57a7d21b","435,360.892901280361700638","No"
"0x82281d5a11179df0743c6fd555324bb360f8eab7","434,035.408148892112539295","No"
"0xf84f3b1595fbe59655ae0cea85b41e1ba45cd912","430,839.323462957393312679","No"
"0x540d51dc5d74928245f15fc8b9d4125a8fe4c0a1","430,085.597058083316556417","No"
"0x9c5dd7d7f01abfc6514427a117da1168b2d24ec9","426,571.142926063361155032","No"
"0xae390759bf23cfd1da399b1e78337202af024dde","425,053.668988730963584497","No"
"0x8bcbb2b107b32fd444d3762c45722f0b6ac8d8f2","424,291.304618653257807169","No"
"0x9c01c5ff6939013ada895064ee85019cbe3a4add","424,251.979093166884203577","No"
"0x71c1934312ef41cf0530c3605f6e5f8504f49c71","413,142.034992131049973191","No"
"0x1af09e5cbb518d8393d251aded2919a187767b9d","411,965.104060702926787072","No"
"0x7e535fdd186b12ee9164ae9ffe1a539f24abd36e","408,000.168273977585264407","No"
"0x171a47c41c4873ebba706ec50ea8e8e0f20fa9b1","404,814.49333519723811424","No"
"0x96d67202e78f679dac6fe1766f1da9ca76271c47","400,839.88818208137282622","No"
"0x8c4a119a9f3427642db68fe56021f6ed56cd5791","399,827.181226135379882237","No"
"0x43fbe1745f821e458bcc7f5240b72757849416b3","399,528.147211548623727383","No"
"0x3d61d3da40a372ca317832717d7e6205cedb439b","393,029.508271860620452298","No"
"0xd2d5a4a7fbbc36124f3e5142b5b6f030ba342604","392,584.328995773754112606","No"
"0x6decbe8d4ecf247239adffa473e491a0041f2e4c","390,397.32897503688037454","No"
"0x8e799d0e1042c254e4270da020aeb52efa6acfbb","387,646.200996494695186388","No"
"0x927a03b6606380147e38e88b1b491c7d29a62eea","387,259.178258181403922923","No"
"0xf7b4ff31422206ec4eb427e69d27a9b93fac0c8c","385,443.793096597245789217","No"
"0xdeadad06b9cfcce57d0e9118d7e2cfda52ccdead","383,708.063349698556586728","No"
"0x10268d6d6e1b3c5bdd8be620a9110b3d04f30a1d","380,000","No"
"0x95bf2b186f342e0fc2542d57a8e14dd5577c86fb","360,783.117325729142607759","No"
"0xbc65d9fa5188d7d5d258ccaa9575a83199acc0a9","359,601.291716216566542285","No"
"0x474a5d7d801a703993f707ba0f59b39a519a8e6d","357,958.680415330054128373","No"
"0x06102325710c148fb798a1f75fe3727d1ae256ee","355,830.637931688740641642","No"
"0x1c602c05728dec7360caf00870fe5a5e88a31102","352,517.011859634129824996","No"
"0x642c6647c6efa4392ca86c2a10db53b8dc93f5c2","350,092.532124177391419774","No"
"0x47cb9497c2ece47c4adf68d11b3af6d06618a818","348,219.97214614555216628","No"
"0xf6e1e007d53f8e66d2e6db0a7fdba13b6f83112e","345,682.363789468673235086","No"
"0xd18648ccb70e3348bdb24ba0ed7d6fae8f1da16f","344,221.934763140282157184","No"
"0xaa3d85ad9d128dfecb55424085754f6dfa643eb1","343,502.257902659307576517","No"
"0x3998496b42f01e586ede2185269b35a06dd725f0","338,145.582218529153262867","No"
"0xa15bdd6d8c18a49ca1d76a4c5f83e821a550655c","334,368.508654270043295289","No"
"0x5cdfaa3500412c11b18ed33871533e991cf88313","327,003.543839248494439324","No"
"0x6bf3884854e310370cb3939142c0610b5ac61369","324,112.549564933567470464","No"
"0xbe032021afd86e468900100482ebd7695b468a50","320,000","No"
"0x961ca167472a1f21a9de0874f8118c27ba2523f9","319,660.856898938041727811","No"
"0xba1c08b0ec6b0597ccc4a39238323634153f0908","308,560.516234074409812835","No"
"0x32df5c4408a68ee2defb40050ad65a5703f8ee5e","305,506.039144095475803597","No"
"0x1a428f75a5893b54d1ce806b5661f5d8f41a12c6","304,406.345301055689526289","No"
"0xfe2796c313c7d5c8f5efe47336c7cb416dd645d1","301,849.789848646956921003","No"
"0x5195b35889a6222d930acafefa5a399fd1fb6a28","301,088.703665684470409093","No"
"0x91861d2fa8e505a0010ca97cc7b157ed883ae52b","300,661.369576678386042223","No"
"0x10def00f8e80b968881e4ea2412ef1709f831128","300,000","No"
"0xdfed6e762429a50c4c5ef86d8206cb138365cab5","299,676.41241111337534627","No"
"0x2d43e433a2cc3920ce4c52a27ee54587a34e2cbf","299,344.14842869698131995","No"
"0x4fe5bd552cbf5d8de22c4f03d857ff6316db2def","298,684.754084141263012887","No"
"0xe31dd4285cfc40d64f8d40834fec97b664750e9d","295,693.370222508336450887","No"
"0xc9bfb98341c4b7a56d00dff19bf5d17b26c9fa11","294,929.805600811421351013","No"
"0x8139f0ead2fbe5cd0ec63d86caf23378994082ec","286,365.39714666762687724","No"
"0x1c26d2dfdace03f0f6d0aaca233d00728b9e58da","283,248.178090513424527506","No"
"0xdd143beff1ab02b278abcd3045c779afd37e434b","282,101.994707356408553354","No"
"0x98d2e329490a7a959da985b68ffd8ed666477e0b","281,352.271806684982202162","No"
"0x3b17f0c62ecf2a47ce0fc7e368a6c2cf262fe3e7","279,368.170646982167927609","No"
"0x4ab56a088abd2d1d6b86253670d1ba1f2d886c10","274,361.85636704346080036","No"
"0x4b489ac53300d0a95d34a5387ca15a7bcef3e0c8","269,668.781299485650874919","No"
"0x1b1091939d6bcbf737fe56389b3c36fa5475ebac","268,493.305161382719401855","No"
"0xef53c18e6d90fbd0a6ef43877274ba8094980f8b","264,713.923285735751260212","No"
"0xf7ee3fd46d6f225af205f09bd5224588832841e8","263,816.850258953184649473","No"
"0x408a551d87185de8a3efdbf847c73f1079022c6c","262,237.947714927674722732","No"
"0xa73fd9cdbd3f452525709efa5f788d8d91264fc4","259,529.658078454738361498","No"
"0x67e4073b59d40ce43556d53f6868246dccd977b1","259,484.956837798956845589","No"
"0x22beef9f4edd799e704dbc2c9aef0a48007f39a0","257,920.596158048072108985","No"
"0xd7397dc76fe7de84ef4f45e32847e619bd22a34e","253,686.108612662697970165","No"
"0x77a01c716980169a051504f4e92ba25556befd0a","253,246.624733560454517619","No"
"0xae8ce999604ae1d23cfcc6a99b08ef49a2961363","250,000","No"
"0x0e1f317f92835fd48805c169aeb46fcbc9148c5c","245,059.518486583559085961","No"
"0x074cbe5758b82f4cc486af9310c22f03c4ff3c92","244,561.777184988281887319","No"
"0xc613f64dca086852ed0035eddc2312265a09863b","244,538.062530650131062431","No"
"0x347ebca718203e185ec370079ae23a3503ec67ae","244,273.056158027265369594","No"
"0x744c7c8066964c58fa9a63cd49db35ef2abfef56","241,826.085723958204935547","No"
"0x6c70785a1481ead53e7df1cb31c75cbd75feadf4","238,232.251908042677069797","No"
"0x4e99712b851ecb439dda126bf28de843312202b4","237,730.392332259280807685","No"
"0xce4f33710d7fea62a426ca1811373e6c2317c42e","234,084.304276580580361967","No"
"0x553af0382bf4ac21ee169e9a922ab0af0cd70545","233,686.713130252646281762","No"
"0x40fb94904257c84877e561edae31672b196bf6d1","227,511.964864368926519544","No"
"0x50a82c7ede7396608f4dfe77848f07e5a114e5fb","226,934.026313787609628629","No"
"0x7dca07f77418784c0c23a8b32dbe1fcc6c131171","226,298.262840714563811608","No"
"0x0967d4249028f2ea25c6a12641cfb5d2c0c1ee6c","224,843.725270108085957151","No"
"0x56818e1fcf271be95c63e3c4897d5aa971f3dbb1","220,000","No"
"0x75e29a7676717b99da65c6faad2e7644d00e2053","217,818.002573463866658621","No"
"0x57dce7e4fd5f94cc153895bdb8752436002aa200","217,496.903444458836077844","No"
"0x3505601bee4aecc5249b61c26f421fbed4e9c627","216,811.109022175632422892","No"
"0x95d6a4882e215965116edc4c416c95de0ef8df9b","216,574.049091645904930377","No"
"0xdba22f0d11107eb7ca73b1e2b3ea501c14536e9b","213,130.180741459649353297","No"
"0xcd2e99c759bd28b5c53477e1fc6743c3b1c8ac2d","210,228.786535797646241379","No"
"0x31280e856b73fc2696fd45da8656054779a65001","209,902.984729718719043312","No"
"0x80112498d27c4fcd226969978cd6e1b9da71146d","209,877.260295390620946394","No"
"0x9415306278a461104c6ba259d7ce47a76686ae46","208,704.791900790043475882","No"
"0xc9b3f752bf270b1f1dc251ec091f598812829312","207,000","No"
"0xf532659e61f9477916fb13f13067a348c7e8ff1f","206,168.484968632425069411","No"
"0x87381f9f3b84aca121a9086ae05e78e65ca59fa4","205,592.60478332936513263","No"
"0xf2485fb2e65428ed6fe652d68772aa8ec1606750","204,482.545446525484237598","No"
"0x2003138865d1ab40e46042edd12373e5c868619e","203,490.781123893554224707","No"
"0x2ec472dec3ac6cac3b291322af9b1afe475d16ad","202,658.401581176843554646","No"
"0x4f15901e935b52f286bc33da2b8de852cfb1668f","201,693.017147259804920091","No"
"0x83168a391a050697283d9127a073877144a9359e","200,947.100224136103103967","No"
"0xc0128c4c6d7d351a91d31e947033f3fc00962a36","200,550.699549417439816651","No"
"0x832e4fb3ba17131eb27e637b7c099ad73dc39b3d","200,000.471501047342243032","No"
"0xc775cda19783dccab55b26903c13280869a4ba96","200,000","No"
"0x5352eed2cac497c9dd822ed7d2a863671dccdb0c","200,000","No"
"0x52a8ba34bfb98679a3a965c04214a4c57d69897b","199,129.478935969465275406","No"
"0x6fe9ccec75fb91fa3a86ca87b52c517ca5cd5a25","198,046.770601316843756135","No"
"0xec7fd42908a91c1810958dd6d3e85254a521dfed","193,002.055583955991636349","No"
"0xce2dae844a2f473cb10e72ea5b5cd82ce1c86c76","188,847.87052581070453381","No"
"0xc64e0ca5a7c46e3b418c643c4f7aa6711261affc","183,661.029639901930903079","No"
"0xb0e44181ca5b21f104fd5ecae5f3588b9067b6a3","181,435.163971122620318483","No"
"0x6ce60ee0f4326d80abbe5838ae880d8247eedc7d","180,000","No"
"0x8fb31783f3954bf306ee55b2420c1345d227ae16","180,000","No"
"0x903cafca65b704a07b42a5aadfabce26ef952a3e","178,883.547605877691095389","No"
"0x93e1860fffd26bfd4054843538c0a6a784a2769e","175,253.597119315214411795","No"
"0x2a2d2b455df66c0ef75cb44e66380279f513698b","174,107.301608246461794214","No"
"0x16c5b6876df600aaff445acc3b5987ea637dce46","170,876.101591889141851361","No"
"0xf45383bc810744467a83fcba86a6faca0aabe190","169,831.025413970711779083","No"
"0x3ae9af20266f6dee2854072f704626186454d091","167,965.277810504969178114","No"
"0xa4282ecf29133bbe1af7b4e50cc83c62b4f57f04","166,145.900800363428336304","No"
"0xf2b26e605045b0d00be7b645c7b0d4f7d095b540","165,842.934038558058367475","No"
"0x97de81063e00f594da857fb20c6c334faab6b110","157,118.387563880422008865","No"
"0x619f14b895edc440509fc8f023d53575e22f3a60","156,497.742097340692423484","No"
"0x8c48b2793ad94bc666a365432e4bb84f3f2cad37","156,128.008841817813232511","No"
"0x6dc41a4d292aff75575b791740d151b45c7d13fa","155,411.524601319842350637","No"
"0x4721a9218f9e2ec7c467925a502dae4cda1029c4","153,321.060079228496505382","No"
"0xab527c1afb8c34afab2bab8810b32e76276d7399","151,819.355361816925886442","No"
"0x4a984be90c537e6ed3718fdf293732ed9d389184","151,686.471978909287882877","No"
"0x79776e826c78f0452a463ee27b9d66ebe8cec865","150,035.83356665480629597","No"
"0xf37d8613df0a389abbd71d3f3d790cc044b47c87","150,000","No"
"0xc7ca3079a841ff00ff2df956d267572d8257fe38","150,000","No"
"0x0471b554f4d3753158d26a007e84b85f20c81b6a","149,153.872855919986881415","No"
"0x0aa5bc85694016adac33f1a2c26911db64727dce","147,143.768591605389708236","No"
"0x240a7571ced10dbe4d521b4fb0ef8b7f7f4a92a3","145,670.33255305435434556","No"
"0x527deed899c6ac10eca259805a962d032eb0dc5b","145,001.545371571857605473","No"
"0x2c27dadaa5f795df46e5aca9bc034a8df7c3f0b5","144,679.97514564142081724","No"
"0xd34241791790ebf0322975983f9132a682dfd9ed","144,654.115649852858650061","No"
"0x1b693bfee144d53df1789b288d8778c7d4d1d417","142,149.624062963839382958","No"
"0xbcbcf5b4b133d9f8f5418fe304d5afe483f8552d","140,287.819856951650359793","No"
"0xf48aa472324df3565b5051afb8cfae75a49ddb60","138,370.582831866399738932","No"
"0x524df974f0c3e003ad4e4bb92df5d3bebc9e1ee8","136,671.834953680085645505","No"
"0x9de95d086260390a017c8fd93b765b5c1c899d0f","135,440.558817513354816246","No"
"0xfb217924887ac54c56783383f1b3d0d564650629","134,813.111776175144539163","No"
"0x152c78137e3ed6853673dfb8aff4f40cb2e166dc","134,484.499860065668749173","No"
"0x165085189ab14821435ca6b1f12f4ed6fdcd7cfb","134,067.322","No"
"0x43fea0f73f9701d64b12d642b56291e518c37554","132,003.560110439721754649","No"
"0x3fbe304b4e93da0f3668fbed988da4b36389bd8e","132,000","No"
"0xb12c66700394e28eb8a8d187a73e7919f01f58fa","131,572.363212896240588957","No"
"0x000000000000000000000000000000000000dead","129,050.873036053786848449","No"
"0x911394b12fcf61719894131c6518a27377085762","128,394.940352715719799194","No"
"0x77f9bed917ff44ec00bbf1fb30ba05e0e31ff3b1","128,032.131242758186169593","No"
"0x1be8b3eaaefbfc69b07f234a587cc86b324f5f6b","127,119.217388790796758632","No"
"0x6c2f168aceefcb5f15155368bacf9845035fd5c4","125,000","No"
"0x8cbbf4daefd17f504c06f94e832a709b4efd53ca","124,579.907701064490181304","No"
"0xcba16f85ea658cfae7d6b521f941e4799a242c8e","120,995.88928905294971253","No"
"0x50609eb07ba5b84fa6d54339e04d0ca2f1d43448","120,545.481293670494520742","No"
"0x0d3bf11f3b8ffc63b1433793a67053f6a0615213","120,288.745538329180196604","No"
"0x3c87a7920bc2cc71afe8038b1d21ba123b51cb99","120,243.737599133685531766","No"
"0x1b72926d18a677782da923e27eed07bc7c23dcb1","117,937.769864041864397647","No"
"0xcdd45e31b215c309f4022dc9ec71548f3c1ed758","117,776.500407109001302706","No"
"0x367b8c6feadae45e741f3a49b1f2db600931e038","116,776.941931883370911659","No"
"0xda90b0b5b7c17d259b2562c6be2e788c536782f0","116,302.215924571696814181","No"
"0x84332f2b9fecf58fec30bea066528c34e2d1d84e","115,400.671367722835192984","No"
"0x64e7543d5b59ede27cd9319c12a7df9acc35c8af","115,221.766221647713383221","No"
"0xca5b22d1a8903788236ba718e9d288fec3a0a7d1","114,845.647994806805884201","No"
"0x96c195f6643a3d797cb90cb6ba0ae2776d51b5f3","114,560.472680041493895979","No"
"0xbfe0ba6c989b9f56a44aa2eb4dfb1a23235da42a","114,310.953189533646325024","No"
"0x582f69a1d2f094a01787837cf3d19b7ef9eda2ab","113,824.997059758375562501","No"
"0x760600f40b3cda66b604496d6b3f772a1459f3fd","113,510","No"
"0x94a2ffdbdbd84984ac7967878c5c397126e7bbbe","111,566.262144195994456948","No"
"0xa3e89165442de315e6d3852213d31ea0b4ebf0d1","110,000","No"
"0xd22b207c0844e91e6eb5307a3500c563ed772fcd","109,041.113993489053118269","No"
"0xcc23eb4ce2f2ad4f5407da66295f39d450c5b2d4","108,485.059523412530183041","No"
"0x6cff250a6af2ae64fda23f43f3c89710c871a789","107,888.105801999637870081","No"
"0x2d121817d801d65fc9c877a9ea871a4d7efabe51","107,866.297912148559600522","No"
"0x6313af5a7ce742e7bc79fe967431357a952efb4d","106,706.740224179837009385","No"
"0xec5ae9be9cbac7bca436b953b8edcb0e2453d9cf","106,266.869630886894394337","No"
"0xb9edbb368291fbc038b0574b6276853e1bf162bd","105,050.807993853053199312","No"
"0x8a7619a27223fb52cdd3813fe65c0657503163cf","104,339.008946231460071504","No"
"0xfeae85095246d14a6e69bf6ddeac665840e8cfb2","104,151.876517526539825125","No"
"0xeee20e4ee5381042bd81c44f1a0fcf5c5345464a","104,074.73329648816290084","No"
"0x212c5ae33f8668b700c62ee90b146f043a1eaee8","103,047.037645427124924562","No"
"0xb676188c693a27faf0f420955f41ac19df98b451","101,891.763522906529626556","No"
"0x0ed180559edd828ab489a53040f120582ca6833c","101,306.364876800350106826","No"
"0x96e0556827bf13e70534cca3af239cc4bd2cd108","101,128.46656611462408","No"
"0x6c58f6ac989e02ef8004f295a1fdd5e1185b9a95","100,401.542577111920112838","No"
"0x3eac663782827710ec5019a23ac39eb5493d10f7","100,356.873706015744192372","No"
"0x557e42f9592daac1190a994310d18ff6d86fae68","100,025","No"
"0x67488ea3227cac5669b140302a973120e664ed2d","100,004.830806068489919661","No"
"0x36c8d44afe26f95989482f8815df6211645d164e","100,003","No"
"0xdebe9c5f15dcc3c268755651c998693ce9e05147","100,000","No"
"0x80c20782d2dd83402ff8e602c3f3c36c6e11d5c4","100,000","No"
"0x0b6c79f249ac43d1e8d67524d1438053b017bb39","99,849.223859902167795147","No"
"0x050c2b178eacb1ccaba35dd6e3e4fcb477878dc7","98,817.246253121161024931","No"
"0x3ab5118a2252bff88d42b46e9e814a6a400e987c","98,010.697887223789595877","No"
"0xdc4e3329a12c8dea74c950c2c30600c4b3f383f3","97,709.491532226486013161","No"
"0x305ad938a16dcdcab5c8b8b4684258ad69d5b3f2","97,288.528041372653343956","No"
"0x438d8ef7dcc4aab36d9f9acd83f96f6c2c8bda37","95,713.399732020787183251","No"
"0x63757a315a17889100845a3204ca3e9846e96567","94,005.363871545641300234","No"
"0xa055c8e67c0d631e19550bd79aa3bfdea911d926","93,878.345258030072901779","No"
"0x451728da54ca695a1b03c52d07d38c16070b714d","93,803.873738910416882254","No"
"0x00d6f84b3a0eeb2fc693206af70255ed57e34b66","92,389.716684945866770864","No"
"0x3cf2379669cc6e4dcb5b8e6b75d351954ce6b58a","91,738.349426697105229587","No"
"0x4b97352169ee36342cf401a3cb162853a1cac7e7","91,484.313774074453318549","No"
"0x574c24503a6bde5624a4fd1ff1cb2ea4d47e88ed","90,486.51657332540036083","No"
"0xb128d3353ffa052853b24a4b08d27166fce0319a","89,339.758223395762178213","No"
"0xc0edada4afdb0d502135078729c2b0054e4ea0bd","87,222.971693844569297379","No"
"0x3c1c563c52f273740a7c262af7b4cc34ce36ab67","86,772.277278674913474997","No"
"0x6b3d04b9c415aef6e33239094f4192926ab34a89","86,689.728951872498370006","No"
"0xecae70df13cecd64f2e4fc27cf35dd623d4f5509","85,558.149057502822475432","No"
"0x40f0176c23ce7715f0c96aceac8b2fc06219a78b","84,705.342867133565694736","No"
"0x65f169c11d818b84332af32aedc79658ffab6bc1","83,968.837644587373833788","No"
"0x05a4448597935c508e4ad0d2cf56d56bedb246ce","82,956.297454690762538229","No"
"0xfec1e482554a65616f33a8d1673ca1883700a522","82,134.455741227009620497","No"
"0x7d6b1d086fe8df676484e2cfe77b6fb2451ef19a","81,120.862951363002166395","No"
"0x0531ae06734a6f5c37a4730c2062a1a3f8a43109","81,026.690293551817638548","No"
"0x01a3df027d2bd5768f684b0ea12d6ee9bd1cf9f8","80,942.427533556550751968","No"
"0x969990ad9cbeffa723e4d8377b7941bdbaaf8d2b","80,854.132986898695374584","No"
"0xdb05d619dfb7b8205645f9a8db7e1caa373559ca","80,520.664345479531159841","No"
"0xe1eb610dfcb08ee6a70712305f022c486b676111","80,000","No"
"0x2288e320b4ca3246020154fbfd81e6b4954c5d14","78,676.777144841798181658","No"
"0x0f2990342bfe3d6c3538c7878928eaea824cdcd8","78,620.603322209804460572","No"
"0x03511fad8c21f67ffb00fab6c216a6ed5c232c7b","78,540.175702485625965516","No"
"0x19a78d9d8f7bb21e21ce2e9b8164ff0beac1c14b","78,498.018452848204566106","No"
"0x1b6631de26068cd88d72bcfff37260af6602a7b5","78,300.351904427854171199","No"
"0xe1f591383502eb7f6a5463a04691d7b38f5f4753","77,332.023759958273067045","No"
"0xe542f25d9fb5fd637783f685f56853661b4bb79c","77,274.980363306470561767","No"
"0x27e6c76e9e6931679205f4e59cbc4b8911eeafec","76,623.323184795680049049","No"
"0x5ef0ccd9e730d832e01aa859894cf8feef148cf5","76,239.173055280628957288","No"
"0x1750e42fb0e5fb76153bb6fd23816d7a527b0032","75,455.083359844570440354","No"
"0x3568cb689c9077e5946c71c3685be44a96f18cd6","74,195.45702164770582958","No"
"0x300caa6b5081227afbe8c0af1aab90fa2b8f4022","74,146.413462052325531976","No"
"0xcd692a2ee1c0a37792317dbedf895f67fbc87bc5","74,118.963015016919078034","No"
"0x27881a86894f8c0635203846cb9ec9ec6f1241ec","73,700.273834970868365244","No"
"0x88815cee9d678b6e288fb48da3abbd4514ff06c3","73,006.989014729553215014","No"
"0x3b7f2222626661001959b01873e06ccf5564b785","72,228.989116831430661916","No"
"0x06ba19d9c1f8dae64c59f74140897bad321e2e61","71,940.364074382758342945","No"
"0x44365f05eaee7fc6588d3889092e98385b705cec","70,615.3","No"
"0xf53968da974b2faf5928b202ff56bf06f0a8367a","69,907.784841085491040034","No"
"0xc6e827ca96fa8c72268f5340ab0640f7ef6c22f8","69,871.594886572619211581","No"
"0xf81ac7c4ef437ea0a10f563cc0906b7849733465","69,736.660165726832152345","No"
"0xf1df7c40737385c907b027f47226f8faa196b1ed","69,646.55563672372035927","No"
"0xfd3f7df2a761bb2e9f20293a1ea7c906623232c5","69,571.843108515313423011","No"
"0x8fdce4024ed774822856590b3b9ab78070b74ad5","69,271.128104429554143909","No"
"0x223a8fc19660b632a390b0be25e4c1d359c1a6b5","67,930.855332996255570983","No"
"0xab2ae5f798a2eeb1151e8f367ae92169cd7e3a92","67,930.821255647072107446","No"
"0xffb58afcff9f8b39abe78b689c3c33415cb654b9","67,688.436479124327703854","No"
"0xee2bbfb92d250294d134a237a118ac9b7154a44a","67,577.231698406788990471","No"
"0xd7d64ac15e0ee8e8c3461e54fe7a2528524a86f8","66,697.97609670237348011","No"
"0xd93296af5615668872093499bb3c0dfd0577d36a","66,492.984484896521377445","No"
"0xbab0ca0a6c741ee7851a7b603463d26903d4aca6","66,482.708257212159948514","No"
"0x96706eb471f875a9a41442f358d3b34ba02f868b","66,459.543639407562087546","No"
"0xd46f8460ed7449328c69ba8ff00f9f3543fb1969","65,412.695326389258241092","No"
"0x69d235d4bb1fc571ea1b3985fa4e631b255252b9","65,149.688799731477562407","No"
"0x28a15f24ed0b266eebc7975132057a700c50fcf8","65,099.853904843084509582","No"
"0x57cdce5878c5afc7cc586aa1de23bcaaa56944eb","64,953.44117849292355173","No"
"0xa72a482e7c667e7db32a2b7171e9e3e97f2c65c5","64,950.373964097011156163","No"
"0x63410e67704681373339e0b07a0231815e138acc","64,726.920398789638827326","No"
"0x896ace2f045b17f496e0e4dc96acb72fd45391f9","63,893.241723561656981347","No"
"0x56c0a9cb033361f561bc8da4a63de7e111214ec1","63,101.189340043327214044","No"
"0xda62ec9e25c13c34a830b9ba2ebda13e80317b79","63,000","No"
"0x910a01992e8057ffff2dc9b22c324e20c9ec23db","62,934.126080640194306002","No"
"0x168b375e2fabf570c9b018c8622e34af10b45c4a","62,661.038082158686013192","No"
"0x0b8243d82fa4b85e5739e083054c7f80709e4e14","62,643.686587308743346284","No"
"0xa30416109bda47b2f7721e470fffecfcfc7aa0aa","62,546.943121731147761504","No"
"0x36de06b04240439be1eb7dbc7377e317c68e28a6","61,658.854900292883552195","No"
"0xa0cc3672c9e909df507b8b9e983f9e640d25bf2b","61,021.658758291308856726","No"
"0x108e038584af93616ed21010f68b26b5d637f67e","61,005.018215254552633648","No"
"0xafe2f334838bb438855a834488d30823fb56ac23","61,001.55015118122736768","No"
"0x284a9e0f4f7869b3294d1931b9845740a8607586","60,900","No"
"0xf40240989ae1a545eff43a04d070caf36a3efbc7","60,200.891636249958742865","No"
"0x6d108187231ca982a643ec7876edcb807ef2886c","59,982.254749067418282544","No"
"0xae08857fd78c5185e6d129943ed6bfbc197537e4","59,525.021815579896289603","No"
"0x6c40edd92c8c8588ec5bd3eeed9060fe1689e6f1","59,419.595758326350228246","No"
"0x1433b7f520319e8c8a8a92d5d5c11fd8013c9e75","59,359.638307396804095165","No"
"0xf57620fcf716ae4aefaad8866ea162fe3d1205c8","59,163.741817916569095237","No"
"0x07b618705ecc798bf5d3c587c8b9222ea7eee68d","59,087.536566288369364179","No"
"0xcc106c96997ffc520a2018a575bb438d5243c931","59,044.930788384309441501","No"
"0x1b33e049608bd3020e7a97c0f5687431e93080d6","58,513.058886412723958789","No"
"0xa6afe0431c78c49310bf0901be781888d87f7fe9","57,858.470370909986577596","No"
"0x59e0ddae08f3063c0ff33b25f8ef17b69d247b2b","57,649.282377033101898224","No"
"0x78ea4b7d7e5cadd0cb513a37756803ba33e66705","57,212.428565260470673504","No"
"0x80169b6e6919d0fc3d805a5a8047b53aa224c8b6","56,280.752673718199464966","No"
"0xb8937941a1cee58588dd39890bdeb6ebb869a016","56,113.914507423211566824","No"
"0xb99aeee025fee9dfb71729b35b61a4fc9d07d0cf","55,403","No"
"0x54a04b98cbd24e212052076aa7f3cb1d572a5258","55,282.136578967293402201","No"
"0xfd9469ee302a9cec7a20addaeb144703ab654fe3","55,197.917691300649014974","No"
"0x1772751149ad286c2945b91f9c6eb1f1efa990bc","55,110.443573129395533535","No"
"0x56dd663529b205ff39db000e9807699ca959bd97","55,000.1","No"
"0xbbe5a2e7a496f54a85a55501f597507072338310","54,866.391401925372050663","No"
"0x71c86dae3c13605e63068f4d70fcafdda16dffac","54,821.453909142388274259","No"
"0xa2752263ebec601610dc0ee143ce4c74ddde927f","54,664.71995988596972881","No"
"0x1821ce945bbcd7253ca349c54ef0a302e88b2346","54,088.280024594459069432","No"
"0x91be3ed763e60dc66c3482139c8e1137e4a1b008","54,059.999408585592830371","No"
"0x7d0d5093d8dd36d34eecaa995a899cc2f6fe1420","53,177.672286725342635382","No"
"0x1ae2b7d361c4fffc735f6a8c53d2460a7d3d134e","52,895.212354782118533913","No"
"0xf65bb4e5da4e556696b5c56146a74886146d9dcc","52,430.292154487051809505","No"
"0x4ce5f89f7e6cff858f2ebbc9b96944066206f177","52,418.159111972661481141","No"
"0xd91a32c0bc6a2f7ce77dac9b22aa6edc9645bea8","52,367.627987852359276016","No"
"0x23df7d65617f4b40f4e12405466a5e1ffe6f38de","52,000","No"
"0x2221adfe385ba0c5bd47b1d6bf7716821fab92e1","51,737.032898540952284517","No"
"0x1269e6a15bfd5b57e16e28050ab41f955a4bfc18","51,670.046461702403696391","No"
"0x3e253f6a8e32a165f5390f983ceea2288a3df557","51,290.127058723398654391","No"
"0xc0fdddc20bd1a280414914e1c9e2781de76bae94","51,091.718365565299450399","No"
"0x8d1bfb54fed9c417a88adeeac357c884d4200845","51,045.456141622224667753","No"
"0x146043ede30b7a4b71445efc77d4de6bb10402ff","50,374.913773480849077163","No"
"0x5777ff280f2229c1caf98ec79c39bd1ec922d6bc","50,267.687610377493232576","No"
"0x4e8a511f117c80b97db153fd0adf77986078e175","50,000","No"
"0xc1916b982b21d41e300b97748b4fa01149f7e8f0","50,000","No"
"0x5e2dd29dfe54d5c65127af01fa5c2bdc66744d72","49,907.721156004467371222","No"
"0x0927071376e32d4066b42eafa0d0ecc995a7c6dc","49,011.191625617060417221","No"
"0xc04b7d464c724c8d4d5fe6067938cedab82afa12","49,005.525962992639095177","No"
"0x11e77c85057d2dc1fd4c3310c6f7acedf3a68899","48,966.510034262054984542","No"
"0x543dae907d4cd4268390341969bab4f28c218b96","48,802.001645597717828985","No"
"0x0d6965c3217809c9eeac71fc66c54e98d04484e8","48,691.3655192085221259","No"
"0xac4beecb8798004c714710eaee6b512af91eda90","48,051.666796341183876506","No"
"0x140700337160838b333a9192bdc6cd33138be55a","47,297.699752078032555389","No"
"0x673669ea96046fdabd563a85d7a1b81ffc9b1e07","47,163.066200046681739138","No"
"0xf506835937f5fab0ffff1782c99c376111b31203","47,059.007647189233673591","No"
"0x19451bede315e3c57c93701c9798c97a34cb6505","47,000","No"
"0x535c3ca5ccd8574f77f30620452fff7a2386e4c1","46,738.971434781967965954","No"
"0xb60e1a1091af7aa8472e518c96a51ae137f2d194","46,586.502577203130458444","No"
"0x4cbec5f61c3e90b0600bb8a5f0d35a91db990bda","46,157.013863162749371508","No"
"0xd34b05c6afcc6506f2528d91dfcf55796c53de0d","45,968.226297651910717077","No"
"0xa3a57cd98d4538c93c279e9aff41f9a6b261c203","45,900.18001303082354889","No"
"0x3d27bf99fccfac60903af7468e24a29db90aa6c5","45,430.884046999096136574","No"
"0x626b3cc4c9f83e232d549676967bbd8e16bc9141","45,000","No"
"0x3420a91d3eee24570522c4f21147be0f0919ae8a","44,924.302470655723915009","No"
"0xd8dfe17b389a6ca0a096eb2b9b0eec82e152637c","44,610.354681372591752052","No"
"0xe34ff577aacd93c91ee529f1784be10e76441337","44,583.267224824227492143","No"
"0x959fe99deac5e55bf4a592d0a4f8321facdb48a9","44,418.957156724233637957","No"
"0x146c23c6c749d680107a1be9a2737dca9ae619c6","44,273.869352818886452802","No"
"0x5c0a1d8613a3986a94a90e8e5659ce3383a48aff","44,002.138061822643005743","No"
"0x151ed7171630ce6c3e30580ab74996c5e1fb8921","43,803.528709059283229914","No"
"0xbd50a98a99438325067302d987cceba3c7a8a296","42,530.796330051241061482","No"
"0x11ededebf63bef0ea2d2d071bdf88f71543ec6fb","42,515.648480368510039211","No"
"0xa7f4bbbb3420b67d9ea69bf72c50e0613bcc572b","42,290.273003006407898144","No"
"0x542d81905c5b41e37cb8dbfa3ade89bdeccc9b32","42,271.605941978750382667","No"
"0xdff3917f5c8c938aa3cc096dab72c78a9073f450","42,258.848677165792266213","No"
"0x4a8af60d3d41f56bc78983613081f6323a1c03b4","41,920.879670969536068923","No"
"0x38db82e9ded3ce98a7e783631a62a783ce8f14a3","41,489.356346776446770942","No"
"0x6c5d7a017cea11ecb0f37218e3bda17f12d77f53","41,407.032172387600457408","No"
"0x8e3867b781a74cd1c1195680c9a0e909a2e1ffbf","41,384.528908265773230915","No"
"0xeb1e1c73da0be950c4c7b8941df19ad5226a2bc3","41,318.375058291722618924","No"
"0xd0f0793ae3645b2c5d3d35aa3a7fed9d23bd5afe","41,179.638507512499690325","No"
"0x0331969e189d63fbc31d771bb04ab44227d748d8","41,055.150836738638421904","No"
"0x00396f9b20388ee51473c5045abc24924ece3b06","40,295.075451339644852496","No"
"0xdb944a61e675cc1d59f4e2d912769dcde250283b","40,000","No"
"0x2ff2afc5d130a747aabc0555c31677ac887a10af","39,973.914909299941610992","No"
"0x65e335a78fd38cb7f7d206be51fe36c8ba0397fe","39,267.297949590840303456","No"
"0x90c86449ff31d20b07b69b330ba681cfe7873a7f","39,174.908166588900299268","No"
"0x99b9bf5bde049c644c6873620ef666595d0b8a8c","38,410.768015027489999475","No"
"0xb32f64d0eb0abb874a5773b3852c25535b9ef46a","38,232.829684440975877757","No"
"0xad60c08d52a83abc0cf292e29a7253c75315a028","37,813.619263615999554381","No"
"0xd7ac7a2eb755b7c48d98d0b215425a32800a249c","37,686.004969787131361597","No"
"0x3107fcf0c5f6a7252e928c78314adccab36cb425","37,559.032766892404376103","No"
"0x251384107fcaa63b45e15b08804af40db90a922e","37,508.482244412967112327","No"
"0xcd56e5a3e26839e891147cbcc5392649babb945c","37,495.357957027889608145","No"
"0x39e216655a2fc7ac3ac5c941a350a9414af6dc5e","37,495.202203569609955211","No"
"0x79d3e2d5624b02d1da55f43c72f0881b16b52037","37,085.267403688554266854","No"
"0x1a24062d0b58b0c5e68260b46a214393fed04933","36,999.680326418324440058","No"
"0xbcef83b27e191909b04d356e70e9f894d82231fd","36,733.822715059422088935","No"
"0x5516831190db783db0511875adb47848faa497c3","36,069.115107078732895775","No"
"0xd485a37794d3d176d22074f9ae2e1e531d19ebd4","35,790.898595695961582204","No"
"0xe76dbe9c83b33b98ec5a287ece0d187bd0c7f27b","35,397.264939925274439877","No"
"0xad935e827487bb129fbbc24e5b3f9c9247c26e6a","35,362.468554967429199082","No"
"0x303643835a7b3dc5f6c91dd73f289587abd8e1e8","35,223.694222276869401269","No"
"0xc0dfe7f5da0018be9a72c2ab4238472dcf019989","35,139.199793296311220057","No"
"0x617f3ceef1bee180251b91c7b11ffca75133b787","35,000","No"
"0x028b0363ffd8c9dc545a4eb60c085177cd31436b","35,000","No"
"0x1a85d5153ecac9ba3d1f8ded0ff794df4bc1da51","34,892.507587957857776699","No"
"0x37b88e430e5deac25b7221fc0bd98efe24b38be4","34,659.208756328373170871","No"
"0xf097f08eb39b76ff1aec95c1051bcfe33e91becb","34,507.292443250749571032","No"
"0xc2e405ef559d549510edddfe28977cded9f33d99","34,479.32571259403680071","No"
"0x12efea42b29cd686f2cde9764abe4e8c9aaa830e","34,478.97032010889461034","No"
"0xa0a260ec76804b83e8fdc2d256027103e63e7f9d","34,347.03578525473542987","No"
"0x941d370ac6f0297351deb93565ed968ef05d6216","34,122.164916781565389553","No"
"0x595a6aa36ab9ffb4b5940d4e189d6f2ab3958aeb","34,052.821534079811100776","No"
"0x982529808829fd6e0d5ebff9a30c32d0ec69c56a","34,036.682754116362845701","No"
"0x9ec762483ada1f5d30bdfc3fc8589410ab7a1cb1","33,998.772585794612233038","No"
"0x04f5c5de90141011d9e7c9243c6a1dfc7224c64b","33,774.096461461711671013","No"
"0x7d227e95ba8b4e2ee834b7cfb9919784308cbc37","33,746.176520512920716851","No"
"0x63a7c22d559c3723bc680651b412a6667358e166","33,617.613872593633352125","No"
"0xf9215965e1c886b7008f84e9b941225abf574434","33,579.423963994796532964","No"
"0xacbfeb64e42809aaef7b691aaeff14a77b5f70ab","33,285.126492909636585173","No"
"0x7e819efe7945b8bcc3d4244f693860261cd44c61","33,258.441531771698137906","No"
"0x460d42fb78b96e8ebc5cd0045dff32a8867daac8","33,030.268595185156833966","No"
"0x0df48eecf4e99c0d71945bbbe1f1115dff019f41","33,000.057131818708366655","No"
"0xd1cb3b85872012b9fe126d4bbf5040c0bf7f0e9c","32,861.508485003797963827","No"
"0x02798b0493c464f5b92025009232f667c2f044f4","32,607.027576976190649246","No"
"0xe30e28aa446deb7dbf50289067bfe70eda6db719","32,213.018668739997134491","No"
"0x31c86c59c80054012f1a8a5c1742d1e822fe8910","32,136.714765371375049168","No"
"0xd3e75ae134ad116357cfeae33056a206b9cbe5e5","32,096.54170457005513311","No"
"0x87ac5af3b628c04b79c485ee34da49c8e899bc06","32,085.832789555286567392","No"
"0x0d358b96cf7b5b05e0f2e97e30916e7d3c623e6b","31,871.242197891167391529","No"
"0xc4321193b3dcf201383886f5a9540fc778ce38cf","31,652.758554570308117255","No"
"0x5f044ca5d9c989c95554b7b300bf050a6db895d0","31,514.526328493899718823","No"
"0x7dc0a3b53309fb4a6687dd7e8a114b3844576cc5","31,342.454863037030724249","No"
"0x7432d6a49eefbc25d1af511fe12f2187d4b33fbd","31,143.20682605455111785","No"
"0x0159963a86b047e906f978d22022225125e07ed4","30,746.738264535443376251","No"
"0x7aa58ff382a13adbe485243732535d6a201a42bb","30,196.357304147182509772","No"
"0x7bb3e600574c67162beedb8f849e520b12fe5afe","30,155.175530634995572606","No"
"0xb5f1124eb300a685e4f631166332e7e986c4a7b0","30,130.881056273757563514","No"
"0x96f99c29a6ab58cfc93cab0693d6a7b7330b1463","30,000.1","No"
"0xb5b24d37009a95574ac5297d63d41081f7a19c6a","30,000","No"
"0xf13c0ab98a90c7fc057f0867de0d673fa2213fc0","30,000","No"
"0x19fddc52eaa03e1ac511285eafd7e7d5d8c964ae","30,000","No"
"0x1b5b4ae1da4444bd4963cbf60f88e11ff67016c6","29,936.781933302771811726","No"
"0xa53adc321c6a4084cb837076dc6907469b09261e","29,669.949229800977648831","No"
"0x9e3bc1069d3083d13c59e2281b0e9a06f1c3ddd3","28,890.969321081337046098","No"
"0x537c49b1b01c65425b1a97135ad4b8f613712c71","28,786.870017764487549193","No"
"0xed28b1c47375cd23aa6428544f4feaeaf3ee4e7b","28,639.795381648937839197","No"
"0x39c180bc922226597d8697da3eba9d2c6d751a86","28,023.599764688421451968","No"
"0x094d962d382e320663ef0b5edc99b4de65f25e71","27,918.562936162241914544","No"
"0xb3e32dc2a5678d03e33119c73c31e110d73f9777","27,639.20902529024698214","No"
"0xb80639316b7afe71ed7d12b83b58b2d98acc72c7","27,473.557156305010124895","No"
"0x0e9501de3d4ac1f00f27c7301d3109d44517f786","27,030.889506715426185694","No"
"0x413b65aa3eeb3986a4814cc051d24fa2e303fb94","26,658.88956721065752354","No"
"0xd86e657537067d1fd4cb9cf71b62a40b44934e27","26,502.156794921184662807","No"
"0x0e0954b44166799a1c079209317f7042e4377d1f","26,000","No"
"0x5640d1dd7cb444497393871df43bf325ec257100","25,752.387507126462845104","No"
"0x377f92a00462b7ff48edc234f136e8bafb0a03bc","25,639.914368195472626174","No"
"0x95e1465182826a534e787c4e7d7493272f96bc1a","25,381.846594623927952308","No"
"0x4e1eee3a53f0007adb18931b52db9e3103ac757e","25,337.800898220260074835","No"
"0x2dabb00f401d0c9c12e6367f0b22290c5b84b205","25,000","No"
"0x173d941aa82df1f286a2d0c95b55a8a9b8e5c543","25,000","No"
"0xb951da3870f7b7d1e3f9249c18e93d5cc5c3565c","25,000","No"
"0xe7fec21674309b35a82e0d3cfc37e67fd4e8bf14","24,957","No"
"0xb563b61f7387b48c3f838d060961e6619e830d9d","24,821.282163397809941203","No"
"0xfb0e56ccaed51b0f004c5f846f46c86a0e1d6251","24,742.255526261233483793","No"
"0x6cbb0f89d2037e7300ae00de47ceee7bd714fd5c","23,871.116516763964703527","No"
"0xbeb5ce43b8a0c13ccbe5d55e361235709ace54ef","23,403.66247982938248808","No"
"0xaecad1d2227ee5c51047e0dd0d031c70314b33cc","23,284.599014938762855452","No"
"0xc58f35253992e7053aa0b496a5c03e9622e6c438","22,723.237706037761993685","No"
"0x655f20b480412ca1d9dcac2d9954ece821a126e3","22,563.323272765821502746","No"
"0x790997b224c6ba0bb3ee8d37885478197b71edd8","22,260.342429333656746561","No"
"0xac4a5f6d4b9b6acf2a117d2a08c6eab7ff9ff5de","22,259.24756249624266522","No"
"0x183fced46453cb91e933437ed617fecd066ff0c2","22,111.359622479094666495","No"
"0x01698448b2b9c76ab4b767418386e3d2a432f4c1","21,961.48235690773088488","No"
"0xdf8773d6ec76a007b3df3219a533325de3a58a5b","21,911.522389593613561877","No"
"0xd6fc392600c776f594d7435aae5e34c4e3a4af2c","21,771.316074653327638351","No"
"0x0d2b97424e43b03012de9e9bd16868749382b489","21,178.448471677084695699","No"
"0xa7a6fae0f8e2d5b3ed657c1bb3f50a99b25145e9","21,172.815715556890167991","No"
"0xc4f05001b0fae0b55347bd899feeaba9477ea39a","21,115.614963111959170324","No"
"0x955b17c60f312fb9668a6e46b806ae7c2c7b9089","21,111.978063520813468877","No"
"0xed1a4c9179b3014b1294a5a8d1972ec3f516c8b5","21,003.660885525795550074","No"
"0x7f2e6cb638fe0424eb2d373be1e683b2bb5a6c1a","20,769.080374963091591775","No"
"0xce864729ab8b45b8464993e5f7d873e6f6fc9a56","20,662.157827239028854495","No"
"0xb53a64b50b0206a02003a4001ea31713f5c29e55","20,581.189775549026306279","No"
"0x3596b1251897fdfc96de54dbf74dee1f38abbdaf","20,466.656612394337290475","No"
"0x638c3f03e195acaead73a3268c8f039a7ab4ed6c","20,315.784137721369781023","No"
"0xf4877eb584528a809d17e8ee8c7f5dc7c3ec9931","20,143.00494982069015283","No"
"0xde770a63cb126282b14d4e9a5624912847f2ccdb","20,111","No"
"0xcf4b36d5f7eab52cb9cf47764521fae48c6b43ac","20,097.986113635941616731","No"
"0x22ac577a88860ec452da7eb423855e1cb98c42a1","20,000","No"
"0xa54f13668bd008714deaaef472f30e739d1f4df3","20,000","No"
"0x81276314c7676591d70c4ce8b728fd27e0ccda41","20,000","No"
"0x4dfa9462b814d362c3a88abb4912ad1e80f582b5","19,892.750367886981328454","No"
"0xb3264253b30726cef7839cc6a82c8f82c65aaa15","19,890.397876029296805531","No"
"0x413358007444a51675211596b49e5350df5b071c","19,764.519810763495048296","No"
"0xa80fe643d2316065a045c9ca5f4ec8b4bbf5e60b","19,672.236323138010057546","No"
"0x8fd215c6447f3b35338db9952e4d8f06581939aa","19,607.438099732662912004","No"
"0xa64ed23f242777be971841979c693b75ccbcb971","19,507.115139461800308196","No"
"0x493e766184bfa8d4edb798eb2dad2964f51e6bb0","19,186.219023055106489553","No"
"0x1ee8615be82d724f8721e3019ec7d208e6f70b51","19,089.687228688218388672","No"
"0xbaacf4656a2b60c54445db7211988edfc3cd98cc","19,058.308519730309157781","No"
"0x64f66266dc29d3389aedb2d460054647bd94c342","19,021.282829985026173853","No"
"0x56e06017b7cdf66a89efff6773d91078b306fec2","18,670.293528172023772091","No"
"0xfb086ae017c857b216fc827420ee5ec2d98525fe","18,346.905410526492276842","No"
"0xef97578c3933c13ba800e922bf26ab8eab261606","18,242.523680623559575852","No"
"0x5dab690c25d8656370b3ea051056ece9a550eb24","18,198.518157587312719588","No"
"0x7b09f8acd14f53a57fd5a7e0160a77c6f065def2","18,097.082693415426980255","No"
"0x2f07e538543b5740167c0f5dece8b617c5dd76ac","17,964.471532724031754945","No"
"0x2ae1b146ddf8d47609be5d8be6eb871747e28146","17,951.776975384374995372","No"
"0x3314646f7f8dba91b549eec8fc18d850695afa78","17,712.512928462327930172","No"
"0x56887fb677ff722297b32180f8c305918be47f1e","17,684.321960684135136829","No"
"0xc18d5e7cf97c142c983454e9446242e17966a94c","17,623.463995788061976541","No"
"0x168436545e9b64eab4169faa4b42464b7dc2f138","17,557.269872051140085796","No"
"0x9a1d73e4b8dae9de334a1f7c456fd6726b51cd63","17,500","No"
"0xb22311477095b537c3fc475a32f6b1d781bf9f2c","17,244.406764411041120025","No"
"0x9af52491203a17dfc82dc14409bd68813d37b4dc","17,234.93910643602320594","No"
"0xd8184b6361bef4281001c8b39ebc58bdf2745112","17,193.845793145595219929","No"
"0x3a673093bdee72ee3a9f19ab25669c3a6bb7c6e4","16,974.682208972902970868","No"
"0x38eff9f4f450816d74494936544101797a726a4e","16,636.300664496015142282","No"
"0x87d1d34a0273c33eea71f57aa4bd4667a632e904","16,502.446040797322272345","No"
"0xdd9f24efc84d93deef3c8745c837ab63e80abd27","16,285.04787225209783441","No"
"0xbee9d8e426c4de87bca90287ab5786562456fcfe","16,226.692141559611448017","No"
"0xef14db00cd66cb91c9304377b58c258c56a8885f","16,206.609297893313959217","No"
"0xe3e35d9ab4a2f34d2d958c6ae040989836c3f643","16,029.695277312008944681","No"
"0x9700c58e1c6a1e5fca5db5f62e477eb182fe3da4","16,000","No"
"0x3a8460b34ef88659133c5180dd1c1aee8eaba75b","15,982.532592971969667281","No"
"0x43a7bddd1a99571bc965c9092808dea0e8bce647","15,964.345063931591580858","No"
"0xfa350424c51bf1f75d920ff99d09de990f09522c","15,860.380541130053740363","No"
"0xd237b6c7274080dc3c67c6d441665c07695e990c","15,853.609362197801822012","No"
"0xb3f250f1c17d280a1351181a043805947aeac203","15,813.126982322977340564","No"
"0xbeceddfd2f1f239b6b30160d44242c23ae090e6f","15,735.932175659001720859","No"
"0x095e6fc79edab5d7cdaaefd6a49081130f0ee70c","15,709.712231391938740565","No"
"0x637a2dac5a12f496a23edcb3209a3b02d4b81d51","15,486.034558084185829947","No"
"0x22bb13b2437decd0c5c6491de99bf095c11ee2d3","15,482.999652542916604895","No"
"0x5fbe8132ac845968e4436584e13b9a8eff8bb4c3","15,428.191689662875978729","No"
"0xac38b24279b37edd4d06d1aa420f64c567decc0e","15,242.169660698710333189","No"
"0x1ce5e4bbc2ca2ec87f603f506ff39a6e0a4abe6b","15,177.191329797764257796","No"
"0x899b11881f977aeb5d9fac5105ce62c877f11763","15,000","No"
"0xe4c7a32c4bfbbbc8f176ebdc21aabe2e86a8f1c7","15,000","No"
"0x93e4ecdeff595b10d98afe9a49e99e0ec846c544","14,779.173656051853317632","No"
"0x033fb892827cf64c0daaf6a069ae2842bbb71129","14,748.817421814726196939","No"
"0x58cf58a36652e0821cad835d10a8bacc4b8b81e2","14,699.655988888525488363","No"
"0xa864e2f8ef26c7939f68375c5bd30fc51eee6d36","14,663.859622473966177063","No"
"0x7fbafaba8c9d706dbde6f9415dedbe9e827b8e56","14,191.365769271378904348","No"
"0x5129eaa93041fadc7a6d5d1ef8ecc034c1913c2b","14,157.815098274613143595","No"
"0x5330b36d7e0759091ac710c7af4d06673fe9dd2e","13,909.914649551098090817","No"
"0xb7642a935df21fd19220893c83dbb3523054c234","13,903.234733635455122583","No"
"0xcf0fafe49e56108db75fa3de244ebf4b6cd5c154","13,858.589407041266785732","No"
"0xe6ae94f13e4a5dfd73eaf980c5d13a896cf02f14","13,841.049301946536500427","No"
"0x38e90c2428860d0f8052353a1b55de44e529ea8d","13,840.73854167341289805","No"
"0xf44fcf3d0cb9757615ec52c8d6cc040a6c1d521f","13,363.075223065372558863","No"
"0x43992a6225ff034625f9a54d4c5c364e6a2e714b","13,121.046325077619559544","No"
"0x3eb7b4a4231a06c9ac4d714ce1e7673570d5b283","13,048.268477862094673238","No"
"0x8c099270dd287a8f9c33a32631157c0403d72c40","12,943.638021442556105425","No"
"0x0dc20d8053c18fe98f4f2c7d6406ef14832b8bd7","12,907.498780401281879181","No"
"0x11b462cbaf1510803ee4a86db804e74f81e88877","12,824.940210553728184374","No"
"0xd67843238f69d78d873983b41c14a4c260056036","12,699.12","No"
"0xea44f6026d66516f318cd447cf136a45b1948edb","12,684.502147143132039253","No"
"0xd6e89c128abedd74dc44a7cdca145deb6e2c7c2f","12,558.440090162900701828","No"
"0xab7cf0ace53fda46c967dacd033268fc48f329e6","12,453.494862749406492188","No"
"0x5fdbf54ba9eb56cb95c881ffa03c198273262f53","12,451.970391030600554191","No"
"0x0052a2d76dd59d85c55c3baa03c2fd0245e4a9da","12,446.630117181259842058","No"
"0x2b84b93640504ffc45e6bb15dc5ac14fa65767d3","12,445.28729169647228462","No"
"0xee3c21c21848ed1c787c7c0205e8de40722846d6","12,438.729904118022350331","No"
"0x7d4621203bb6f3467276b4155b8a43c3b6901f32","12,342.484860184811011548","No"
"0xc3fdf2cb07b4fe4159a8ef7daa623940c188e3bd","12,240.246031663401898345","No"
"0x52779bf3e2504316f9653fe591edde7909cd6ca9","12,212.424901651777930284","No"
"0x90fca992fb601210546c8f41a7ebd168b7c38fac","12,201.160452038292216309","No"
"0xe8b4bfd87ce50bf8ababa13368a1286b3a6cf3bb","12,200.6","No"
"0xbb769af4f61fdf6d51d688175511665ffe411678","12,173.32326330838832235","No"
"0xc6c86d62e2d21fe7293dfb1f1adf3befb7d1fadc","12,121.66549780125036","No"
"0x4e92d2d0a9eed3085c3ee4c6528270d3c1ce8b7b","12,105.21956558350169181","No"
"0xc3da3c9f9f9da324748f61833aba979533d16d50","12,014.895589069140161208","No"
"0x1f9626b812108e2cdf5ad0fec52082a83b6fec3a","12,000","No"
"0xa7d56ce33ecd59b84ae4963b15cb58d4e256e3c1","12,000","No"
"0xa29d2e6c24c7b2c267d40fac455ec4797e481137","11,751.430116803792818236","No"
"0xe5d02d639961ccefdfd8d179a2502cbeb7044cd9","11,699.606975885601490596","No"
"0x2aecac892f629b204577567724a217c6bfb42f7f","11,673.414977571276958598","No"
"0xdc7b8e10cadb1ba3543c4b4b56bd9c677e101844","11,601.882710234608323034","No"
"0x5d04afc099e72adb27bbca690ff3f0c0aadca9f0","11,591.209211313229789779","No"
"0x97a1bcf88a5332b6300b043656574c08c32239de","11,361.937812464969595347","No"
"0xc3bd4620494b2260d5ba800e8a0b526b96ab8ab0","11,350.136082865387339635","No"
"0x4d56628e03ea4f8e5915a6a7c9e5e17e846ca45e","11,274.193942084115309391","No"
"0xf9e1ec31b16c75d032c7179007b10e29475124b8","11,258.828989696159975401","No"
"0x125bccc93c0264c4bf7ee8cfdcf3410caefa06b5","11,064.008885197202251246","No"
"0x449450e444cf5c0dc38e8fcb462eb89d6904a102","11,000","No"
"0x154eb740b246899f453572663a590dd91a53f2c8","10,876.9","No"
"0x65bd15774f34c3a7e09df262c447c5fb1c91a8d9","10,763.59877325802161923","No"
"0x21b7c45fa9601f770c14831ed3a960c391e322f7","10,351.658613249650565265","No"
"0x26413dcec66d2645dda7f9445c29c03a85cebe7d","10,309.377593162059438139","No"
"0x61b3e6159e147569e059a6d861a76400af76062d","10,151.242271041300041794","No"
"0xe08487309e3105411b2520ee80cc74ca760f7a6f","10,147.190130109353043648","No"
"0xf12f92661c074063ddc06823fc8aa790746312be","10,120.911032878896561899","No"
"0x4af098c218de218383765161bf75facd3d93bf01","10,088.79412998869240656","No"
"0xb0846327c8d70b3d57301f343af9d2625bfa9cc2","10,060.129768548626297849","No"
"0x32ac12e1dac83ce676d2f71ddf15787a9a7dd1d6","10,045.305380532448451575","No"
"0x4360ad20f43a2a59c6c1f1f49766b832ab08c0a1","10,001.926308253286251662","No"
"0xc18bb3b57a4cf27fd37429dbd1c9a57f3081ceaf","10,000","No"
"0xc80df91c0abd7f3a3d598279ee95596b3a93daee","10,000","No"
"0x0682e9271d08588926ff61519ae4783e422ed7e7","10,000","No"
"0xee7fb49d25dde115f2840511efdc2dd9181683d9","10,000","No"
"0x93119bec813a953568a2dcc1b524dd597770ae7d","10,000","No"
"0x622b637c37887a111e315325d13d94f1417650e9","10,000","No"
"0x410a6c7d7e4bdf6b6e8a63614c8ff30bb24fd72d","10,000","No"
"0xddbdab06dafd0be3958ee238f6fcf1c28f2eaca5","10,000","No"
"0x32dbada93c12382ec0c66402e236ed7c916ab43e","9,708.868371885107589496","No"
"0xa9e891222c3dbbaefdbacfc254905231940a9e77","8,978.610132239951126014","No"
"0x08ff1d2a2e705f4b3dcfae09c9b3f3b98eb46e96","8,896.727596029812826537","No"
"0xa01af7a0fb7a1bbe91a6b6ea2c7aefaa6d556354","8,837.260248301158946705","No"
"0x37cc325e7ef8e6f1e911dd264623e418d9bba4a0","8,785.480111103573599397","No"
"0xdfea39237006abddd1577f6ae23fd113e443266e","8,781.757624306799110814","No"
"0x4aea1ddfca2145db96250f6fddd994dea64cc438","8,675.795023342277652196","No"
"0xcd7cca4fdb9574fba4377885d1a7f3ce1007ed7a","8,667.990928876537673916","No"
"0xb9a21ead6917d33300fe7be621634562b95c7954","8,529.829683298687577725","No"
"0x6b3ebf1669af100bcfc7bbc010c3e127092756f2","8,376.079868464823453542","No"
"0xf95f4379d40ec97eb26c100757dd8fbb441b54c7","8,313.289109536880272105","No"
"0x951adfa24eaf90f69dba260abb2f578885ab25c8","8,273.061106929385648014","No"
"0x9e5767d5c4c4584ec46ea9052d0a90c2dfba0852","8,235.457659276229020229","No"
"0x58f38689c4473a39c1ef371c167613268dc82b24","8,189.664846482907956098","No"
"0xae9315bbe81325cf6bdb431d85981155e8fe507d","8,098.84645214016607122","No"
"0xd31a5ef23fb183014107366329a463a8530e136b","8,022.03111","No"
"0x7b530daebd75f9bfd1d286beb06ccadb87b593c2","8,011.327249633584068388","No"
"0x6a8af1e01834c7046904c6f262c1522292253826","8,003.688816116754339666","No"
"0x6735a7e666be6dd21fa35fe9eb65b7c29efb1d4b","7,973.417562661321277299","No"
"0x776686920954c1352c1859f054fb4da52252e43e","7,756.041626308560817003","No"
"0x3b3f73183643191adf1977bb22886abbbf77b48e","7,700.714839496135162549","No"
"0x1742566f7aa1731e09f546995687113b70825199","7,665.115477967324682714","No"
"0xdb278d7e9ecc4603f8b1eb605713d06d177f0727","7,549.818178771753268333","No"
"0xe07ec3332c28d1b0cbde7816592e93a6929fa6a4","7,530.105702324835625981","No"
"0x4b2963d621aa81209967f97af892aacb787dd7b6","7,443.03053708201080204","No"
"0xaaef5bf79fecdc730fb886009c7ee5ae329a0af7","7,336.550341451420678727","No"
"0xfd2a62e1c82888c94416c58f38d83de1ba08236a","7,213.676401217630494701","No"
"0x20ef027b0ddf3934b988d3219021a36ce29c0efb","7,074.499637814604465775","No"
"0xf8c895fe5eb2b2764c68ef4dcde14fd8e7097b67","7,042.570596664923695475","No"
"0x99b2face55a83c85d19be899db12f8bab43de4bb","7,000","No"
"0xd6fa44ba4efc68dd9bec81a0b1e8d883b913460e","6,988.72","No"
"0xd1caca9acadbda9beb1c65165f13778ce9bdc8bd","6,978.928924542698025879","No"
"0x1f03dc42d4f6e58ae989efddf88c4bbbdb59012f","6,964.694608457774994601","No"
"0xd474380a9a68a637ffdcfd5bccc8f213b5c64a3c","6,839.583145170039507275","No"
"0x1c23ad67f1e57d1fe74d3624849255f39aa1273d","6,615.562450414475495662","No"
"0xf8b4b932305f196f34d63cd05d7376a258f22666","6,567.532332102042781071","No"
"0xfa32310c344203acaf39ba559de809f5881d152b","6,431.74728995194210163","No"
"0x58bfe38e5527fb1efba183daca186beaa18a2af0","6,323.844324428201213639","No"
"0x814765e8ebe96c358261408c02457618d2efc860","6,212.018530417939677013","No"
"0xda7b9a07cc3b41027e6de57f91ea0f774ef9bfbb","6,200","No"
"0x8355acf2052fe673ad5ea73f9d648b54e2f860af","6,175.473129730895108328","No"
"0xf60552b93a22c9c5d1342c2f3e2f0dc2529f34c9","6,132.812232580634416868","No"
"0xb78b7395401fdd59d0abae0c43e0d26051768bf5","6,117.467300978661028273","No"
"0x03102c3ec2465a9d827d2ff996687dbe1b2f5683","6,103.573063484009390383","No"
"0x76e9d7c44019ea9270a9d4b86b1576d540310a05","6,000","No"
"0xea57cadaa097faee1965ae5d9239c147fab5d5e4","5,966.081347619786687183","No"
"0x255f751ac921415114a7d9bef3216c694e04c6d9","5,920.852270374703043196","No"
"0xf0f0404cdb07191964ad6db9b6c3ced3107c97ae","5,898.453518234475995454","No"
"0xb5ab10f37ddf84201c13b9a09dd4128d7b45df18","5,845.940861270670617661","No"
"0xb878e31dd7e7bc426f7af83d4e6f589b9043e515","5,692.747869320911769194","No"
"0x0df95d14a635058dd9dc7df51e4980b224b50bd2","5,331.804711351160351955","No"
"0xeca31d093365d4958f94b37cee7e7f6344197658","5,273.913542446196280239","No"
"0x247e430c1c653d257f861d0b5819debe27937ab9","5,129.543653964111324389","No"
"0x61ad821126d37c7f9d77ba36db690c9053e361d1","5,103.947546922709088442","No"
"0x1e33d21276af4e2add3c9f581d531ff9eabee138","5,044.975286624202296355","No"
"0x22b78ad2336aadd1e95cd75d70bc8ed210abba21","5,000","No"
"0xeb0a23be0dccbb6847171d575e6db08dffcfd95d","4,990.541714261280989912","No"
"0x80af2ed691b51f8356b1bf877d529cfc8fe74e20","4,920.333607388876301986","No"
"0x7770ea2139f35e8f27442f1c010ac19d949a269c","4,903.651877277644689029","No"
"0x03b35a7c7fc9987d2be2efc2b33f794cc4ee2fff","4,833.06974498940368376","No"
"0x0715943af1eb5a3a060d38708467e03c0aa1a3a8","4,692.745633337559869648","No"
"0xf883fa39f4e5120befd672758539e2ad0927deb7","4,685.591131792234337286","No"
"0xc575b5e473ef412c78deacf11ad57e33e5c2639b","4,669.263120030702820469","No"
"0x6c2b9696627612fb7656abec3b0e9ce4c6e98b64","4,633.579636731206015132","No"
"0x9550047b0f082d205eea7465ffbab6eef921919d","4,603.602150791516414924","No"
"0x27a1d5c3e610d0538b9d496420669687d62988d7","4,455.95914034854497221","No"
"0x66fc16c2299a98d4ae9efb594c288f96475e6cd6","4,372.887401851619080892","No"
"0xf81529d647df4dcf84964e591c6830f3ecb10179","4,245.813071973967407039","No"
"0x2a1fc08e42f33ffc79cd25880dc23daadef4da7f","4,000","No"
"0xd00f6fbc49815ea444a0d66f131217dab75c9001","3,894.230742027909709403","No"
"0xf260caa61ea30b6e8240ad87b4d7042a122c0a25","3,760.866412897657572287","No"
"0x185015ed14579b95d2323710c2e7900fa8a12055","3,619.470067943788863753","No"
"0xfac2e195cb02bbd5240be1d6944ee3b64710fda0","3,536.921458472874758632","No"
"0x5ed8ba09f0ceec03d1b7e4df18ac528a0b893a24","3,451.672471958862348365","No"
"0x70eb14cbd1899e24967c788bc76c3a9bf4b6b286","3,358.730274559171264937","No"
"0xde5f0d71832ba8f9c5827db03292eace2cf66461","3,282.953200720910329607","No"
"0xe62b3582e34dda52519809e1198a6573148c0414","3,207.046296029136846712","No"
"0x1d9798a5501af641b025b8c1c0c5313690d10702","3,137.29861511170994454","No"
"0xa4b8a34b125323e0d2f9eb5d4cf8ed0cffda4df9","3,078.759658099902903157","No"
"0x5fec0a69c877e7ac0eb00f923840db3cd2cf7ce1","3,064.428880542713705738","No"
"0x27495878a0e2b8d3fa5a9b17d2e811b1f7f84d99","3,054.855939165503942399","No"
"0x01940d4891492b45bd0d850a30dc707e5dee342f","3,000","No"
"0x53a1c760b42660314571e197cb9557516541aebd","2,965.999818634643413008","No"
"0x16bcb7be919a7d7f9abad683f2432a8556027eb8","2,886.191241797822189529","No"
"0xe4c70d4dce5e42ab1f8ae090252e4036e9f39876","2,739.853180643449572525","No"
"0x9fec406e9d5cbc79f5673f25adf23adb4b333189","2,646.897655882616198011","No"
"0xeeef8a05827e389eba049b18541c0f1a00324c04","2,571.138354803120438488","No"
"0x55d44456959836c3b585cc62f603344580b0eb51","2,527.963497532359","No"
"0xc0cc2a27b4d368cd4b0e2f1fc1206d0f1dbd309a","2,500","No"
"0x7f53ac97ecec6d0084b6e62ad6e1ffdf9e7bf035","2,500","No"
"0x216b0160bce217b13fadd567b09d87f8ec8128f4","2,485.009282284326372974","No"
"0x464b2708ffccdc5a780fedea37b0b35893ad67e9","2,423.790666786343655296","No"
"0x710da043a325234d1c2da1da7175e00de2bda5bc","2,340","No"
"0x82a4effef22e5d1a3d5bd9d0188e49db25d7b073","2,304.697427491365591809","No"
"0x8e2d058a49f740c1cad99015aed198193795db43","2,268.54413033927917472","No"
"0x15a6d2a820b722e97234e7d11d1373a28ec06ca8","2,202.689455263827259352","No"
"0xe8364cff21cd05e619fce4dc64a86f1fa04de47f","2,200","No"
"0x559d0e710cf8d035bca3e859af1e3332b03be2cc","2,030.763678150003551079","No"
"0x270917f13d6421fdd09c8d06fc449c2179deaed1","1,925.233560149042356304","No"
"0xf14a4d9c52f0e9852c5aeffe8bf1e73bfcb8d610","1,900","No"
"0xdd62ce4b5f41330399d418a1b6618de5993aff1c","1,835.756249924974445651","No"
"0x4990fa732ca4dbdc9eac519325e46640a008ebf0","1,723.971530580612680856","No"
"0x48505f7b2db2f13621951fd78326090595e91468","1,670.525892093925707435","No"
"0x289001a2facf539f444a28548b563f57ba7362bd","1,636.924181141036655484","No"
"0xbd7d4a2b08906f3a2be37cd0e453a30a16d297d7","1,612.45156933739241216","No"
"0x612da2ed61759c4fad4d3c603e14a33cd3552450","1,572.589442289372844064","No"
"0x1edc05d80d50724b309f53c058471efff179e515","1,491.366329980583433859","No"
"0x156d2cb12b873d0bba5b76bf15684767e15de3fa","1,487.537360977854468711","No"
"0xeee7f08f808ee35b76d658a1808d7e689854dc9c","1,449.730831492423644792","No"
"0x0aebd5f4e5216ed319d2547871d27a872b4fbd6d","1,436","No"
"0xda22322a5a15b6c9e6df3ebe9d32ae20b9dc9f78","1,390.398769112042183987","No"
"0x486532011c45b6d45340c209287c1674f7366572","1,220.796715919494657082","No"
"0x3e0e04d38441cc40727382bbd1441e84b16dc33a","1,011.169097406384817083","No"
"0x1c32d588ea0bcab702adabcb7ef3cd374e7f37c7","871.020336912970800283","No"
"0x6c7ddf5e44bcb67e383577470f6add60173d2de7","868.605347208178800169","No"
"0xb01a9a7ef5779fa8680898827cc2b1aed638ee2d","676.21624568958781292","No"
"0xb75bf79c1481c3250376b977647dec8c241a5df0","326.738504271578694133","No"
"0x578e995024c1960e04a6af0b0a4bde5e37c550c4","95.16072930047311335","No"
"0x00000000003b3cc22af3ae1eac0440bcee416b40","43.024834298531894104","No"
"0x664637a82eb279b3aa5674916da97658314f2e33","22.227915457853450652","No"
"0xf60c5173df0fa450be932f82c25b4b4e2a9566a0","2.89744597176228962","No"
"0x86bc68ed08670d515b8e98a3ee10a59554e27efc","2.333093845332001156","No"
"0xc1cd55a152d025c9ec44b501ee2202fb6330bbcc","1.000000000000000001","No"
"0x0000000000000000000000000000000000000dea","1","No"
"0x56f2bfad763015b2cf5c6b4c3e38b3ed1fe76448","0.880819576424327787","No"
"0x170da46de8baa10c835b3b39fc7dc9130e446c80","0.862195865375443452","No"
"0x3eaeb6c65ad02d58665ef978f012e5f2d315cb45","0.849372311959661443","No"
"0x614a76cd7bd409289e9d107e6232019bd3ebf3f5","0.76223660599752026","No"
"0xb5072387f8c866d8069f6ef51ffa714b34d1d7ea","0.736153167972385179","No"
"0x5587f2131e1271498ddbefcbf46d13d710926a11","0.671170023193911296","No"
"0x987f5f4a6fc6a46fdf58d1e1770564818a81e559","0.624886177157503075","No"
"0x7cff82edc65b42c22cb031c74eed6b6d9bd26437","0.614308323365789353","No"
"0xdd1dfb33ea386b6380ba6f47b06182130541934c","0.611091003504299561","No"
"0xb8b9968cd36cbc03c008cf37e129108b9c5c01f5","0.567617459960898578","No"
"0xf7b2d3f5ed18864ee1fa4277d19f211396d094d9","0.553772597889322711","No"
"0x560c3b9dca87a159b1857c7b09967ec70cb61019","0.42056290532790342","No"
"0x12a116a3758384d74bdee57cf25e9f532ed40656","0.283976968344337879","No"
"0xd7a0191b43672aca59c9bdbc743e9a9458f2493f","0.260406966143480507","No"
"0x75e246b38122185727135afef7bee3cf1f51e87a","0.245590757363267804","No"
"0x86f6408de4e5a9510aac4b97142777c8ce3c023d","0.237182898454677824","No"
"0x0985fbcb517b2889eb2340a3c2747e133a825cd2","0.236179414043442845","No"
"0x89e6127b0e94c01e05bed319f16edfd32c5ee5ad","0.204002552866854329","No"
"0x307614a70735f1faa6f374715346294ff01c2ad3","0.19223449816179078","No"
"0x197830567ea9e42cc994f7fb3edbff3369c19dd9","0.068757891145645661","No"
"0x9d687b759746c91bb6198653ba2625144067626d","0.052718765241536237","No"
"0x31880b3343fcc7891d9c7e018eaa2f4816861214","0.000584410621476774","No"
"0x5413507727f4ed7e128c2ac3524993df7cecb696","0.000258957125365931","No"
"0xdffb9b70cd43ba0ddf3b1a95cf704e7e9135137f","0.000093122728557965","No"
"0xb658952a1a6c830c1aad7abc701b6ba92c12df75","0.000076594725181974","No"
"0x81b5cacf67eb0ce4a237c0a7baf9839fccf03926","0.000067653442914844","No"
"0x999ea7be3645f46eee32f8d717a62aceb92b0407","0.00005283299681848","No"
"0xd8b627fd2b9162762505510405827c94e358e16f","0.000020456671135449","No"
"0x3e824ea08e070fd37a0a93871904209c36c36bd9","0.000004307809190648","No"
"0x818136891ac5862c3a2454d61c757749e1e928d2","0.000001390367354404","No"
"0xc9354e168767ed800e77b54b2f1c42215875ca56","0.00000075498896989","No"
"0xa405e822d1c3a8568c6b82eb6e570fca0136f802","0.000000012359142829","No"
"0x5e6deefdde6b14f8bfb8f760f4343a22a4639ff1","0.000000008109140637","No"
"0x5fab82f7e7210e58f5428482da51fa0bc03a2775","0.000000006595822126","No"
"0xbf3f6477dbd514ef85b7d3ec6ac2205fd0962039","0.000000000077800408","No"
"0xe439a91227a0db9824434db9c607a55af0bf20a2","0.000000000075749945","No"
"0xc458cffbc1931c06c1d1e1576dca893955294343","0.000000000049737546","No"
"0x0000000000007f150bd6f54c40a34d7c3d5e9f56","0.000000000019027969","No"
"0x6a7cbe254705a50dc03b25d8fd76be85203d8c4f","0.000000000014761013","No"
"0xe9a985ffa4081ac8b233c91dc7ab4a4740f6af4c","0.0000000000000008","No"
"0x00000000500e2fece27a7600435d0c48d64e0c00","0.000000000000000122","No"
"0xfa99f1735965e92635827af5a343a23790564f8d","0.000000000000000107","No"
"0x000000000035b5e5ad9019092c665357240f594e","0.000000000000000047","No"
"0x000000005736775feb0c8568e7dee77222a26880","0.000000000000000045","No"
"0x66f049111958809841bbe4b81c034da2d953aa0c","0.000000000000000023","No"
"0x00000000b65e5ae3c80a89f73fbcfdeabc3c2c06","0.000000000000000011","No"
"0xbcc7f6355bc08f6b7d3a41322ce4627118314763","0.000000000000000006","No"
"0x0000000009a2265b720031d400866266aa6c87be","0.000000000000000002","No"
"0x42b2c65db7f9e3b6c26bc6151ccf30cce0fb99ea","0.000000000000000001","No"
"0x499dd900f800fd0a2ed300006000a57f00fa009b","0.000000000000000001","No"
"0x0000000000003f5e74c1ba8a66b48e6f3d71ae82","0.000000000000000001","No"
"0x1d6e8bac6ea3730825bde4b005ed7b2b39a2932d","0.000000000000000001","No"
"0x00000000726422a6fecb4759b44d47e48cf746aa","0.000000000000000001","No"
"0x85925d58040f84787bcb2eeeeb4f54946a89225b","0.000000000000000001","No"
