"Timestamp","Paste your wallet address below"
"2024/06/20 4:55:33 PM GMT+1","AbcTest"
"2024/06/26 4:45:11 PM GMT+1","eur"
"2024/06/26 4:45:52 PM GMT+1","0xAD357101834Dc0F1A419Cf1bf7Ce54B1c7B89c16"
"2024/06/27 6:56:58 PM GMT+1","0x7BC78d674bc75426BF3eB21170067fA70cEbEEc5"
"2024/06/27 7:28:42 PM GMT+1","0xfCfb5e9d243c862AE7dA3C2f1C10636277728644"
"2024/06/27 7:33:09 PM GMT+1","0x85541099879B46A6E58580c1E14CEce9Aa0dE8fD"
"2024/06/27 7:33:12 PM GMT+1","0x420Be80dCe6566d7418095e79571556ff3377728"
"2024/06/27 7:33:27 PM GMT+1","0x01f82da54d0a5f9beCecc7CA94308aEE59e0Aff3"
"2024/06/27 7:33:38 PM GMT+1","0x3F9FB974A85DF12B21103FBAF75F3d695b1d0263"
"2024/06/27 7:33:40 PM GMT+1","0xf0a8a859349fBC6555762a7f1111FCAc4d72cB5B"
"2024/06/27 7:33:41 PM GMT+1","0xF7312616f5b6c839aaDa2F88AAB7304C56C31AfA"
"2024/06/27 7:33:51 PM GMT+1","0x78f61fE7226b230e74b8c1495c3bfb0D6a87350B"
"2024/06/27 7:33:59 PM GMT+1","0x420Be80dCe6566d7418095e79571556ff3377728"
"2024/06/27 7:34:08 PM GMT+1","0x3C244D90c9a25f8a67b81CBBf97f27e2cc8C1ae5"
"2024/06/27 7:34:12 PM GMT+1","0xCDCb5893DBfb052B23B074284a0f9d9E79A48BBE"
"2024/06/27 7:34:16 PM GMT+1","0x5c9589943e3f8596c6906317671f35dDd618D07C"
"2024/06/27 7:34:44 PM GMT+1","0x2fcA3909383B6C2eD41Bd0B81F2dEd80F5E2aa43"
"2024/06/27 7:34:45 PM GMT+1","0xD8873f229d4CaEABfea4de91A09b3096330C1748"
"2024/06/27 7:34:51 PM GMT+1","0xEc28D66cF144C2fa7b25A4eB2bff3EC178c98794"
"2024/06/27 7:35:05 PM GMT+1","0x9a25FedDde1F7424b778941eFfbFE7b3f85d7f5D"
"2024/06/27 7:35:15 PM GMT+1","0x4C7b526a078556211Fe30811523B0c17aA6D2796"
"2024/06/27 7:35:22 PM GMT+1","0x0eF61626449e4C3430cfE7f06A6405d26b3b021c"
"2024/06/27 7:35:52 PM GMT+1","0x979dB7a8Ec0c07f9A41117e277C8fe79672aBC78"
"2024/06/27 7:36:05 PM GMT+1","0xdd4a9A296c32ae5E881768f1B3aA8F2c63677baC"
"2024/06/27 7:36:19 PM GMT+1","0xC70276968bcf4ee5eb28CbC437Ef19f0a4c6C68D"
"2024/06/27 7:36:24 PM GMT+1","0x1BB38baC1D3C69983C93625e0A7D03633b7989ad"
"2024/06/27 7:36:34 PM GMT+1","0xda6ECF9B74704a61397927E9b74063eE965DD6Be"
"2024/06/27 7:37:30 PM GMT+1","0x6f50a069234654Fa3C5E593bc55e0A6198F47e88"
"2024/06/27 7:38:15 PM GMT+1","0x9c19927753a2E86C9e105F1b904901eF6fd9D2F4"
"2024/06/27 7:38:31 PM GMT+1","0x00eA47df031bcD68C40A05c39E691fcFBc85D120"
"2024/06/27 7:39:01 PM GMT+1","0x7F254c96bBF0636B64419Ae413999Bd0d6a5DEF4"
"2024/06/27 7:39:03 PM GMT+1","0xfF4A0054de0d5841B02A6A5354805f3cf6d0eFA6"
"2024/06/27 7:39:18 PM GMT+1","0x2D8AeD7aa24786817156232CCFB7026fB7c047d5"
"2024/06/27 7:39:32 PM GMT+1","0x112577548Cf6682C7b638Ed659E75673aCED8Cc6"
"2024/06/27 7:39:37 PM GMT+1","0xB77932773Cdd75E0B52c742801c4F436fF8e8544"
"2024/06/27 7:39:40 PM GMT+1","0xe5e444E7A7709a72b1D9C0AB3a209EE3efe6dFb3"
"2024/06/27 7:40:50 PM GMT+1","0x904e28B93810AF253cc1B64E345DA31867164205"
"2024/06/27 7:40:53 PM GMT+1","0x01b67b798F4845CA0CA0A795ed2E554226b2F787"
"2024/06/27 7:41:40 PM GMT+1","0x366c1b29D5134660fA8E90Af6b9aBFe179F1b868"
"2024/06/27 7:41:56 PM GMT+1","0xAaAcbFbA718aD062cD475c56D8B72Bc313AC97F6"
"2024/06/27 7:41:58 PM GMT+1","0x11D8A2d4b84413Cc6989C4647586C71E402bACCB"
"2024/06/27 7:42:12 PM GMT+1","0x82C2fF3F99eD2216f6f55de7b5E485F391732007"
"2024/06/27 7:42:24 PM GMT+1","0x00eA47df031bcD68C40A05c39E691fcFBc85D120"
"2024/06/27 7:42:29 PM GMT+1","0xAf5B71215C17A2A81015811C05Be7CB706a0E34b"
"2024/06/27 7:43:12 PM GMT+1","0x56Fd13Ed5223E8A39Be6dEeA9279EfD4E8a04381"
"2024/06/27 7:43:12 PM GMT+1","0xedD3B9ffdAeb2a3d30Ed2D630D5f0227Ef670525"
"2024/06/27 7:43:14 PM GMT+1","0x325FeD5A16a92DfDbD8A4CB7f1883140e9e6C000"
"2024/06/27 7:43:42 PM GMT+1","0xcd98612D2281c974224556a4c5b23431956C3370"
"2024/06/27 7:43:42 PM GMT+1","0x7fe98a1d92880254C00B194Ac6dF7B104677492C"
"2024/06/27 7:44:27 PM GMT+1","0xea1468BD57AAAaB691E4464e037A1e3a09Fb02D5"
"2024/06/27 7:44:37 PM GMT+1","0x3C422007AC56D8138a5915b83a58aA28B92AB89B"
"2024/06/27 7:44:44 PM GMT+1","0xf2539c0767bd28b8b2ea4509290630a54e5f92b5"
"2024/06/27 7:44:47 PM GMT+1","marcovrb.cb.id"
"2024/06/27 7:45:05 PM GMT+1","0xf2539c0767bd28b8b2ea4509290630a54e5f92b5"
"2024/06/27 7:45:22 PM GMT+1","0xdE95046A3a683Bc5659D440e743EA4A129Cb2183"
"2024/06/27 7:46:19 PM GMT+1","0x6D1C4B27eF2d095E9acF23c97d18e664Cb4b7Cd9"
"2024/06/27 7:46:48 PM GMT+1","0x82b78089964E4e819Fcdc77216Dc34E318D7b166"
"2024/06/27 7:46:51 PM GMT+1","0xcEdeb2679c73F2606Ed6675E2314802dbaA455Ba"
"2024/06/27 7:47:46 PM GMT+1","0x6C7481463c0175E90688AaF965b17D809424f254"
"2024/06/27 7:47:54 PM GMT+1","0x71eFa36286476fEc34Fbb4E4b4FefabFAd1AADBc"
"2024/06/27 7:48:05 PM GMT+1","rafasigrist@outlook.com"
"2024/06/27 7:48:26 PM GMT+1","0x02228acfF31c0bEa744c135a1f960b6Dfd120c08"
"2024/06/27 7:48:59 PM GMT+1","0x5EA6e7452b08a904D7C6E90B99A10e5183BEF00f"
"2024/06/27 7:49:00 PM GMT+1","1NAHtExzZmhbzbu2nuk8sihDnMxKfmyHaN"
"2024/06/27 7:49:21 PM GMT+1","0x401Ab79C931413d240498BC3c62913E4f901179c"
"2024/06/27 7:49:22 PM GMT+1","0xC4a7ab6B2BeC5Ef8C78cA6EeBe3aE52a41BDD7e5"
"2024/06/27 7:49:42 PM GMT+1","0x4967e50c817316b96cbfA2fcd62bE3D07e36D7cd"
"2024/06/27 7:50:04 PM GMT+1","0x5E4bade9FDF00075e3945c9a1424b6ED37E9aF6E"
"2024/06/27 7:50:24 PM GMT+1","0x5EA6e7452b08a904D7C6E90B99A10e5183BEF00f"
"2024/06/27 7:51:43 PM GMT+1","0xe5CD6CE8a27A449c8FafA2ECAEb5d82241FB558e"
"2024/06/27 7:52:38 PM GMT+1","0x525691a81b3a3dC489f59723C4Ce5CeF62278a64"
"2024/06/27 7:53:07 PM GMT+1","0xe5CD6CE8a27A449c8FafA2ECAEb5d82241FB558e"
"2024/06/27 7:54:12 PM GMT+1","0x346590909C583cD80F68719E9567Eb430BB9827A"
"2024/06/27 7:54:16 PM GMT+1","0x616ea4424F6b98d9e5a799141c0602DE7eB0E2c9"
"2024/06/27 7:56:29 PM GMT+1","0x79d05172f4d3da02BFe549AbcCbD7292B3aD0B08"
"2024/06/27 7:59:20 PM GMT+1","0x44E12341E8C5bf85193f409956eCBc951a4ccB9D"
"2024/06/27 8:04:11 PM GMT+1","0x4079dC49836BF1FfDa4Bcf9f02707aDcA420878c"
"2024/06/27 8:07:04 PM GMT+1","0xDE557c306400adF384A403858268abBCcf3c5192"
"2024/06/27 8:07:33 PM GMT+1","0xef16612ec4c3e8Eba9Dbb31716d2922b772d1282"
"2024/06/27 8:07:42 PM GMT+1","0xB7a0CA9A244f084D34b410b16F35D7A9e867E94f"
"2024/06/27 8:07:52 PM GMT+1","0xEf68d33C67b596556e6FC7ece6319E82956c94cA"
"2024/06/27 8:08:41 PM GMT+1","0x59DA41c2B555380f214Ac6E3995848116940D667"
"2024/06/27 8:10:44 PM GMT+1","0x45598059c72365B0C5f7ad5C6fFe609e1A2a10CC"
"2024/06/27 8:11:09 PM GMT+1","0xC264C0F2024425013e4C4cA2BDE03281C06E677F"
"2024/06/27 8:13:31 PM GMT+1","0x17605A8fB0f94Ec30Bc02471273dE40ab07321eA"
"2024/06/27 8:14:28 PM GMT+1","0x8B202d2929FB0d24Fe99DeC959ad60630855B663"
"2024/06/27 8:15:41 PM GMT+1","0x8B202d2929FB0d24Fe99DeC959ad60630855B663"
"2024/06/27 8:15:52 PM GMT+1","0x1B3Ae110F09B3E6d59ad3b9236Cb953f004c4E21"
"2024/06/27 8:18:18 PM GMT+1","0xc22Dd212561A3555C1FE5962Dea6994e76F1128E"
"2024/06/27 8:19:56 PM GMT+1","0x5eC770106DAAc1EE1FdEfdB61F5345D99F185374"
"2024/06/27 8:21:15 PM GMT+1","0xD40aEc9B2988AfD836D27987de4b9FfDd8e8f6f7"
"2024/06/27 8:22:49 PM GMT+1","0x31b807ED8f6c49F2FfEa9f39170180eF83051ada"
"2024/06/27 8:24:03 PM GMT+1","0xA0263a0F134574Ef2C1DeED0f0A046CE1a0bEb35"
"2024/06/27 8:25:00 PM GMT+1","0xb05d8B54E09B388819901d94618ad5EEdd907636"
"2024/06/27 8:27:01 PM GMT+1","0x34D5fCCae3D59456A76d25Ff24C42707ba3B80dB"
"2024/06/27 8:30:36 PM GMT+1","0x17F54d7d56F61FCE6C899dcD08C754cB304808FA"
"2024/06/27 8:30:50 PM GMT+1","0x3569bBF674b8eaFc25c942b595e3964A71f23C25"
"2024/06/27 8:32:00 PM GMT+1","0x3569bBF674b8eaFc25c942b595e3964A71f23C25"
"2024/06/27 8:32:37 PM GMT+1","0x17F54d7d56F61FCE6C899dcD08C754cB304808FA"
"2024/06/27 8:34:03 PM GMT+1","0xED99D182a2D30A14327B71264FfE0aC2FC2ec267"
"2024/06/27 8:34:28 PM GMT+1","0xc44ABc55455Ded2dE491cEAf16e7241BA10afe96"
"2024/06/27 8:35:29 PM GMT+1","Davilinke@gmail.com"
"2024/06/27 8:40:02 PM GMT+1","0x43fbcce6b7837Bf33ECfBeE5872feD5d600da41C"
"2024/06/27 8:40:33 PM GMT+1","0x43fbcce6b7837Bf33ECfBeE5872feD5d600da41C"
"2024/06/27 8:45:10 PM GMT+1","0x61643350e7aD545548FE9F14F97778793cB72749"
"2024/06/27 8:45:21 PM GMT+1","0x93fdef0ba5382f90c9bf54eb7d7550d80111a077"
"2024/06/27 8:45:49 PM GMT+1","0x46C5F5D6AA0B279f7A0e36c8f1C12b8306A8162F"
"2024/06/27 8:47:01 PM GMT+1","0x23F38d145d38e2E5Bfff467abF77a5bA6e55D029"
"2024/06/27 8:47:47 PM GMT+1","0x40864B4BCFf48AFCC3459605E5E41eFae863bfDD"
"2024/06/27 8:47:56 PM GMT+1","0x9552E59C80acC4eb3B27E5Acd96c00C133228909"
"2024/06/27 8:49:25 PM GMT+1","0x9044AD46f13EC29f5CF7bdf23c9b3C62C8dA2361"
"2024/06/27 8:50:33 PM GMT+1","0x43fbcce6b7837Bf33ECfBeE5872feD5d600da41C"
"2024/06/27 8:51:20 PM GMT+1","0x4332Ae4baC62ffD4083c14DCa0Dfd68ff73D0133"
"2024/06/27 8:51:44 PM GMT+1","0x3Ee314024fEfD268F13Ef277547886B3A8847705"
"2024/06/27 8:53:10 PM GMT+1","0x8B202d2929FB0d24Fe99DeC959ad60630855B663"
"2024/06/27 8:53:34 PM GMT+1","0xaCB54bdB9C88d3cE1f49d8933a7e3f9B5264078A"
"2024/06/27 8:54:25 PM GMT+1","0x93fdef0BA5382f90c9bf54EB7D7550D80111a077"
"2024/06/27 8:54:26 PM GMT+1","0x4Ae89fB50F1a43934c1F8E60B817B070a960b9ee"
"2024/06/27 8:56:52 PM GMT+1","0x93018459676CfC7aDC61b15b3C63Ee6b6dCeeb6d"
"2024/06/27 8:57:00 PM GMT+1","0x8B202d2929FB0d24Fe99DeC959ad60630855B663"
"2024/06/27 8:57:15 PM GMT+1","0x0D0FE578c0816aa311A94D73728BEE7D4a9f4dbb"
"2024/06/27 8:57:58 PM GMT+1","0x9d7F79DCd099C476cD12266106DE043D62B0ac6d"
"2024/06/27 8:59:56 PM GMT+1","0xe3002FB68F86a8aF2650E3b0541B5dE409AD03D3"
"2024/06/27 9:01:25 PM GMT+1","0x86b8D761558bFD4B0AF8B860B9FEd59CAaCF8D5c"
"2024/06/27 9:01:34 PM GMT+1","0x86b8D761558bFD4B0AF8B860B9FEd59CAaCF8D5c"
"2024/06/27 9:01:58 PM GMT+1","0xfF089A94AEDb95b9f6e251c605633f82F3cC75F5"
"2024/06/27 9:03:23 PM GMT+1","0x4F8f977e132e10C21BAbba8629Bf238a255aFb9D"
"2024/06/27 9:05:37 PM GMT+1","0x5493B6f78c0Bc9039Be396e74395CAE6d0df5fFF"
"2024/06/27 9:07:12 PM GMT+1","Yes"
"2024/06/27 9:08:37 PM GMT+1","0xBC5820F36f168d41610571A40f88B59fD00a149E"
"2024/06/27 9:08:54 PM GMT+1","Yes"
"2024/06/27 9:09:13 PM GMT+1","0xaAD3d246fEDE56DC8dc27789289BDD4F3516d761"
"2024/06/27 9:09:52 PM GMT+1","0xef16612ec4c3e8Eba9Dbb31716d2922b772d1282"
"2024/06/27 9:16:55 PM GMT+1","0xff079ccF0af9Dfd05BD85115BE1fe4919fa0BA7E"
"2024/06/27 9:20:51 PM GMT+1","0xB4B1E2B01366D9C59FEE6981C77461C8167601d9"
"2024/06/27 9:21:23 PM GMT+1","0x23028125FE41c3e5A9fE03bD9820a1033855ED41"
"2024/06/27 9:22:44 PM GMT+1","0x5FA417a6D155d278f3cb6B9A946285FeD8b94567"
"2024/06/27 9:22:58 PM GMT+1","0x06D4B66D4dDe2d53cA8F45B2898B93408F43Dd33"
"2024/06/27 9:23:47 PM GMT+1","0xB15Ed0cB76C9112A9667A2034FC2F6e4280a1d24"
"2024/06/27 9:23:57 PM GMT+1","0x665819309B3e09214adC1841F86b118B71B5BaB5"
"2024/06/27 9:24:07 PM GMT+1","0x26ce60fF185aDd4Ee6e68894813e8F3A91906B61"
"2024/06/27 9:26:19 PM GMT+1","0xbcBBA063E6Ba81F3f4eB2e97C4CE1b1D094D20c2"
"2024/06/27 9:29:25 PM GMT+1","0x57C901BE4D1Cc006fe9d4d88b2F29a0F82f4E8B4"
"2024/06/27 9:30:34 PM GMT+1","0x06D4B66D4dDe2d53cA8F45B2898B93408F43Dd33"
"2024/06/27 9:31:19 PM GMT+1","0xD622c25c3B58d3557c79A290d50C604d67569B7c"
"2024/06/27 9:31:34 PM GMT+1","0x7e7F73C3398AE7b7806944B99986C079E538CEBA"
"2024/06/27 9:33:36 PM GMT+1","0x6B270db465470AF952FA8b0F165931cc4289385D"
"2024/06/27 9:34:47 PM GMT+1","0xEF02434Ee70D798B8a94d8077cAd71546c0d4ffe"
"2024/06/27 9:35:58 PM GMT+1","0xEF02434Ee70D798B8a94d8077cAd71546c0d4ffe"
"2024/06/27 9:37:34 PM GMT+1","0x02C86d43324b8f06769e4E2CFb90406E780b09D6"
"2024/06/27 9:39:03 PM GMT+1","0x09Cd2d5755929da6Ad30CE187532D84c68bd08fF"
"2024/06/27 9:42:25 PM GMT+1","0x4da7df8c9fbe836cecebc74d74905ea6935f91d3"
"2024/06/27 9:44:09 PM GMT+1","0xD622c25c3B58d3557c79A290d50C604d67569B7c"
"2024/06/27 9:45:46 PM GMT+1","0x808F3528538e0c1543dA5Fd9563b27b13Dc19350"
"2024/06/27 9:47:01 PM GMT+1","0xF844D2EC10b474bf3B5A9bE2C6d1175F93d7Ab69"
"2024/06/27 9:48:56 PM GMT+1","0xC3A8d461AC7b531222d1E169F874572744d836C7"
"2024/06/27 9:52:31 PM GMT+1","AVQjZU1tg3TGi6PGcdAUPN8HCWVxwtbotgCepca3yn3q"
"2024/06/27 9:57:02 PM GMT+1","0x06D4B66D4dDe2d53cA8F45B2898B93408F43Dd33"
"2024/06/27 9:59:35 PM GMT+1","0xFA842542811Ede1eD0ad76a8e2160718395E9Fc9"
"2024/06/27 10:01:26 PM GMT+1","0x57e898Fc6e45D6a9eA1051A993139675Ba4d11FC"
"2024/06/27 10:06:18 PM GMT+1","0x54f9A97E2FC076F24F29c07d819CCAa292AB69F4"
"2024/06/27 10:10:11 PM GMT+1","0xEdb888E18C57a79eaDa77e54031a0b08C960Ce59"
"2024/06/27 10:10:22 PM GMT+1","0x0F519b6b2c14f28acfAB49aB6896Bf91EA0d4d7c"
"2024/06/27 10:11:37 PM GMT+1","0x30CCA50c258962EFAf6cD5f985DF5C56E282887B"
"2024/06/27 10:12:21 PM GMT+1","0x660404C3A1CaB670c577eC5E7e4C69C7Eae32eBA"
"2024/06/27 10:13:30 PM GMT+1","0x30CCA50c258962EFAf6cD5f985DF5C56E282887B"
"2024/06/27 10:26:22 PM GMT+1","0x6f591cD6AF4FbAfC4D4783ccB7178D30cDD1CAE6"
"2024/06/27 10:28:23 PM GMT+1","0xF00f8e8Af22c5C010970339337f4cc1A79e30779"
"2024/06/27 10:29:30 PM GMT+1","0xafA0DFC7A6f29fea829ebA141dB84E1DdA8d7501"
"2024/06/27 10:30:18 PM GMT+1","0x8B202d2929FB0d24Fe99DeC959ad60630855B663"
"2024/06/27 10:35:59 PM GMT+1","0x8a408184FDa207d28640b441Fc8A490a87450Ca7"
"2024/06/27 10:36:59 PM GMT+1","0xFd0740351bbd1C8a3F4F6C59C0000e1A3ded57C1"
"2024/06/27 10:38:16 PM GMT+1","0xEB83f1C4C88D8ABC221ac60D790Dc20d07bd2fAC"
"2024/06/27 10:42:12 PM GMT+1","0x2Ff09e6e4a8FBc0Ca194F0bFa6DD4260a32Cd06f"
"2024/06/27 10:43:29 PM GMT+1","0x7Fb7832B6f3e79a1cC064B8F66082a06345E281f"
"2024/06/27 10:45:51 PM GMT+1","0xB3b4C7e029Ba39870ad3D316c31e57ea7FFc03fE"
"2024/06/27 10:48:42 PM GMT+1","0x50598BCc3Dd0c0c27FdB47b5b99B2A3C83E434c9"
"2024/06/27 10:52:03 PM GMT+1","0x7eEde0EFFdfE075D7E016fe7C7dC573f619589cF"
"2024/06/27 10:55:15 PM GMT+1","0xECE77fb3b3868E6726332D1Be8301FC66d8b2290"
"2024/06/27 10:57:46 PM GMT+1","0x121f52f9b31Ec272B92A0d2324160880F442ce86"
"2024/06/27 10:58:10 PM GMT+1","0x8Bb34D77f0a588668b0400Ec1CCc27568CE800d9"
"2024/06/27 11:10:37 PM GMT+1","0x02C154cB0f1dA6eB09211B6beC9B3aa6cCb04645"
"2024/06/27 11:11:12 PM GMT+1","0x0b8cCa6A8E4bD12064Da5bEB6832Ed6E54A2c8dC"
"2024/06/27 11:11:49 PM GMT+1","0x46778900b9f1ae4ddfe27d2d9e1c8235dc1f7b4b"
"2024/06/27 11:16:10 PM GMT+1","0x68d80831f636802A10faa2a1838465b0b97828Cf"
"2024/06/27 11:19:06 PM GMT+1","0xc8522df42eE107D8D17D9B229dA4e847151bE547"
"2024/06/27 11:19:12 PM GMT+1","0x59F4EEBA1C5c38756d33826DE35b37B7E088ba0e"
"2024/06/27 11:27:12 PM GMT+1","0xCb1Aa83a472998990C92f4dB755f6C72ECBfdFd5"
"2024/06/27 11:29:15 PM GMT+1"," 0x1c58f458D711eff8cd30d84D1F818bDE6EA74Dd5"
"2024/06/27 11:31:46 PM GMT+1","0x7A08d7C7713a04EB7EEEF207c129c51Fee908eeB"
"2024/06/27 11:34:02 PM GMT+1","0x135961b707c10EEEfa789C41a3DDa182Ec56E0E5"
"2024/06/27 11:35:24 PM GMT+1","0x49138eA84cc7687965040cd1F8cf24C153f9fEfA"
"2024/06/27 11:40:37 PM GMT+1","0xeD16d03FDF9A413304CE1F82E8155d9cee2741B7"
"2024/06/27 11:44:52 PM GMT+1","0x80C979eEBC4723E046f1629c77e50002d1DcF3FA"
"2024/06/27 11:50:39 PM GMT+1","0x16A5cDb78513Cc6f1fB724E98f7902D4824569d8"
"2024/06/27 11:53:16 PM GMT+1","0x5E67BA1bF4091eC1FA3294fD826eBF54dbE6756F"
"2024/06/27 11:57:47 PM GMT+1","0xf00422c05e67502da82eeE836715071F0DaA68A2"
"2024/06/28 12:01:57 AM GMT+1","0x02Ea2f4df9022Fe832Bbfa7F6e3A84d59A09B624"
"2024/06/28 12:02:28 AM GMT+1","0xEd71F3CBc5c381dCF973C718E0d6cBD3b9443e86"
"2024/06/28 12:06:41 AM GMT+1","0xb8eC665ca602c146459F1b7cF1B7081b8F2452f5"
"2024/06/28 12:12:41 AM GMT+1","0xE749B3Fbd1ea51086714246BF70e8d43B4EABfb0"
"2024/06/28 12:13:20 AM GMT+1","0xc1e97b71f1A6d94a61Bc3b2d3163402F49AeF3ce"
"2024/06/28 12:13:27 AM GMT+1","0xC90Ad0a81912D2548E3CB89f48502c703a0F8bc5"
"2024/06/28 12:14:43 AM GMT+1","0xB5aFc841Afe5437FE37f23d6dDC470bBF96aA11B"
"2024/06/28 12:22:29 AM GMT+1","0x2Bcd3d21FDf2c6CBf56d561D6A78762E41684bc7"
"2024/06/28 12:22:51 AM GMT+1","0x16A5cDb78513Cc6f1fB724E98f7902D4824569d8"
"2024/06/28 12:33:19 AM GMT+1","0x8412441A241837280b88C1556D7e4BABfEd1EB12"
"2024/06/28 12:37:58 AM GMT+1","0xbc364a19a886cCb0AAB053ca4e707DDa8E747e9b"
"2024/06/28 12:46:31 AM GMT+1","0xaaE4e51DbB9e0532118A1fc017A86560Df0bb74c"
"2024/06/28 12:52:42 AM GMT+1","0x2B8548B00696B5CE46b7435D3e3634d02F41d263"
"2024/06/28 12:53:14 AM GMT+1","0xC82690a87026434b239b2945C4e11eA98A28713e"
"2024/06/28 12:55:59 AM GMT+1","0x9163a262Fd57bB5C727DD104f38c4a5f471E3Bb9"
"2024/06/28 12:58:49 AM GMT+1","0x2a57122Aa4f9F5Ae83c9e11f99f36030580baa0a"
"2024/06/28 1:03:46 AM GMT+1","0x921d0F8f307500c863cA388b6AFfd1cC1D200885"
"2024/06/28 1:10:26 AM GMT+1","0x1C22A54d5a2df4049047304a5e724A7E2388557d"
"2024/06/28 1:18:14 AM GMT+1","0x21155743FBB91Fa6bc70919C3B9fe6AFD211AB7A"
"2024/06/28 1:32:03 AM GMT+1","0x00A74E36f246f60F1374CC01A9e346B226b45612"
"2024/06/28 1:35:19 AM GMT+1","0x750827f934b0B047A0Ba3f05cBB7Ed4B47c1EBe7"
"2024/06/28 1:36:46 AM GMT+1","0x463c8c99B4843bd443535dF67E584f54A1BC4Fd4"
"2024/06/28 1:40:19 AM GMT+1","0x8dCb2BC76155AACA36D474FB5dF96735F41c746C"
"2024/06/28 1:41:55 AM GMT+1","0x4327981Ea78629d38179CCdc7f46b5D41E011c73"
"2024/06/28 1:43:46 AM GMT+1","0x41805a635A44199399e701D25Aa24eeF81aa7737"
"2024/06/28 1:45:10 AM GMT+1","0x0023C1dE4BF75bb09386d037d9452FcF9581FB38"
"2024/06/28 1:48:43 AM GMT+1","0x565dF72a46706BA82A1e2d85848E5787293cEcA5"
"2024/06/28 1:49:27 AM GMT+1","0x979581441EBD80F5F5ADf8BBe1516f062302Fa0b"
"2024/06/28 1:55:10 AM GMT+1","0xC3A8d461AC7b531222d1E169F874572744d836C7"
"2024/06/28 2:04:18 AM GMT+1","0x4dA7E90243Ab20beA7b0D01f8483EE4E5AE8569c"
"2024/06/28 2:12:55 AM GMT+1","0x01Dd957c4812Be22Abc218787F2Af810C25794f5"
"2024/06/28 2:19:52 AM GMT+1","0x9d9AC6020d1BcCFF44c429062c30a54Db2a07fEC"
"2024/06/28 2:43:42 AM GMT+1","0xd2f39871a32C74a784a583ce51e73fa08c2D5804"
"2024/06/28 2:45:59 AM GMT+1","0xdC00D3BA5993a5d83B5877F78900B4C6BE197ABf"
"2024/06/28 2:46:35 AM GMT+1","0x3b20A978c34afc4A39f762f5B59781785ecB728C"
"2024/06/28 2:48:36 AM GMT+1","0x017f335df4D1f1b709CE8031ffaE23dB8d1957f3"
"2024/06/28 2:50:18 AM GMT+1","0x38Eb4489172dEE8D33137fDFC6f9eF05b3b51AcB"
"2024/06/28 2:50:49 AM GMT+1","0x5C618Fcb3b4Ac4E652732cD2C44bA53A189bFD40"
"2024/06/28 2:51:19 AM GMT+1","0x63a71445792b7Af8F78fC0fb9d475F03FA32cD83"
"2024/06/28 3:13:48 AM GMT+1","0x0A82Fa0229ECEca6cE3331d9a758267bE28E1e7A"
"2024/06/28 3:15:27 AM GMT+1","0x5E67BA1bF4091eC1FA3294fD826eBF54dbE6756F"
"2024/06/28 3:15:36 AM GMT+1","0x8079103824C4cf80e138Fa372a0c3091A706cf53"
"2024/06/28 3:32:41 AM GMT+1","0x2BeB2315F2F6c48C3Aa62ef158d62265581546d5"
"2024/06/28 3:36:45 AM GMT+1","0x63F459c15dA0e9a6Bd60Cc31aa75370DB8661F73"
"2024/06/28 3:43:01 AM GMT+1","0xEB2d4D22CbA71769caf4eE7e6a19972F6711348F"
"2024/06/28 3:55:08 AM GMT+1","0x06D4B66D4dDe2d53cA8F45B2898B93408F43Dd33"
"2024/06/28 4:12:52 AM GMT+1","0x2803012Af14E9868Dd6E31eefe7034e445679449"
"2024/06/28 4:14:13 AM GMT+1","0x2803012Af14E9868Dd6E31eefe7034e445679449"
"2024/06/28 4:17:52 AM GMT+1","0x9b92C3D05dc236673b07506cB75831fEA32b52EF"
"2024/06/28 4:22:05 AM GMT+1","0xf9363322733A93d227e3bE6E460C2410413F0A28"
"2024/06/28 4:25:46 AM GMT+1","0x54bD47025E7BF7D44eB35A4D79ed7505F79504ef"
"2024/06/28 4:40:50 AM GMT+1","0xf9363322733A93d227e3bE6E460C2410413F0A28"
"2024/06/28 4:41:54 AM GMT+1","0xB48002aE7c66a8907b6c1E621A6ccE787459686E"
"2024/06/28 4:42:32 AM GMT+1","0x554e9C...9ab67d8d"
"2024/06/28 5:00:27 AM GMT+1","0x808f3528538e0c1543da5fd9563b27b13dc19350"
"2024/06/28 5:18:19 AM GMT+1","0x155BDE5b58C4fd5256c218A66398275EA1daB180"
"2024/06/28 6:54:09 AM GMT+1","0x04510fea4b09eb2b75997b20fcb08d8e698f45c0"
"2024/06/28 7:02:28 AM GMT+1","0x04510feA4B09eb2b75997B20Fcb08d8e698f45c0"
"2024/06/28 7:58:22 AM GMT+1","0x6B68e2E711255bBC929de585074A0AA4169F6198"
"2024/06/28 11:01:44 AM GMT+1","0x2BeB2315F2F6c48C3Aa62ef158d62265581546d5"
"2024/06/28 11:25:06 AM GMT+1","0xa72AEC6426F6bec106Af485bB5218e7D9337a095"
"2024/06/28 11:38:49 AM GMT+1","0x27DE50AbF33D55B266ed1A2379835c4029C08086"
"2024/06/28 11:41:44 AM GMT+1","0xce458ce8e95ddcef09e5d1ee2aa2e90a4fcf416b"
"2024/06/28 11:44:50 AM GMT+1","0x27DE50AbF33D55B266ed1A2379835c4029C08086"
"2024/06/28 11:48:27 AM GMT+1","0x30CCA50c258962EFAf6cD5f985DF5C56E282887B"
"2024/06/28 12:15:51 PM GMT+1","0xe818Eec6c10960c420D24acCE2DbBDE83cFB5b65"
"2024/06/28 12:16:13 PM GMT+1","0x5c6879e2DbbD5645fD82Ea024d9da06CF2b3BD32"
"2024/06/28 12:16:36 PM GMT+1","0xb8d65811A652E52A74cd93EE0F9d59c3971C4D06"
"2024/06/28 1:36:34 PM GMT+1","0xf6bb877f36babfb3c3df5b0816e61206d41a3856"
"2024/06/28 1:40:53 PM GMT+1","0xf6bb877f36babfb3c3df5b0816e61206d41a3856"
"2024/06/28 2:02:41 PM GMT+1","0x352a125F3e120B2c5BDC4F46f017334A69898Ba6"
"2024/06/28 2:17:02 PM GMT+1","0x5160d05f1BCEf410E869978dD9eC0588a6E9a268"
"2024/06/28 2:18:22 PM GMT+1","0x073277D728AC1B98F54023336715Fd5e707a2527"
"2024/06/28 2:47:14 PM GMT+1","0x3462ba5500c0b9685043Bf7D1A06BC303fA6B01E"
"2024/06/28 2:58:15 PM GMT+1","0xC21aA6b1a231CbFadfA2f49018772EaA40f02784"
"2024/06/28 3:29:40 PM GMT+1","0x2c59aCf461dc884BC16159A423845fF79Cf66d05"
"2024/06/28 3:30:14 PM GMT+1","0x773cE85Fe70CCbDf50889c64fB9C51089e1A2e03"
"2024/06/28 4:28:23 PM GMT+1","0x22f25b2a94834b8b216717963e930ef8265eaa49"
"2024/06/28 5:06:08 PM GMT+1","0x3987456aDA739173231B1EE8d9E2ad0E3392De08"
"2024/06/28 6:00:17 PM GMT+1","0xfFF9b84A9dC8f35C3b182Da365497528a756E3eB"
"2024/06/28 6:15:13 PM GMT+1","0x31069b845cf9985525aC30B6DB0dc221c1d366C1"
"2024/06/28 6:15:38 PM GMT+1","0x6AC7a92A2781Ae56b3558529C2054B210E92535e"
"2024/06/28 6:16:10 PM GMT+1","0x6b33B0BCa11302ce261227760012C442C7F8a43a"
"2024/06/28 9:35:29 PM GMT+1","0x3569bBF674b8eaFc25c942b595e3964A71f23C25"
"2024/06/29 12:04:56 AM GMT+1","0xc203bb8c32097e319fe8e87762ef82ea55970cc3"
"2024/06/29 12:05:05 AM GMT+1","0xc203bb8c32097e319fe8e87762ef82ea55970cc3"
"2024/06/29 12:08:28 AM GMT+1","0xc203bb8c32097e319fe8e87762ef82ea55970cc3"
"2024/06/29 1:56:26 AM GMT+1","0xe9f0CF32ad221e612710CA5851580f01C679e143"
"2024/06/29 3:15:09 AM GMT+1","0xdd336E9793c1d0f5FD3F46843480cc3A3580B634"
"2024/06/29 4:05:55 AM GMT+1","0x9B3F4f5A062a8C3Dab9CA674839b8F06aec5d869"
"2024/06/29 11:19:08 AM GMT+1","0x5e8FA1e03923d04bA73f63BBb876d653D987eA03"
"2024/06/29 11:21:16 AM GMT+1","0x5e8FA1e03923d04bA73f63BBb876d653D987eA03"